galaxy,n,rmax,burk_chi2,burk_chi2_red,burk_bic,ein0_chi2,ein0_chi2_red,ein0_bic,ein1_chi2,ein1_chi2_red,ein1_bic,ein2_chi2,ein2_chi2_red,ein2_bic,fw_einasto_n_shells,fw_einasto_chi2,fw_einasto_chi2_red,fw_einasto_popt,T,V_flat,burk_canonical_chi2_red,fw_burkert_n_shells,fw_burkert_chi2_red
ESO079-G014,15,16.67,13.316413213508083,1.0243394779621602,18.732513615712502,11.694401870057815,0.9745334891714846,19.818552473364445,2.994584354309224,0.3327315949232471,19.242885560922485,1.8938880488747507,0.3156480081457918,26.26633985879464,1,2.994584354309224,0.3327315949232471,"[6.1705730268904855, 1.3264422383340235, 1.1999999999999995, 10.350733348760949, 6.296785100742554, 1.9790787138821306]",4,175.0,1.0243394779617043,1,0.2604414634014924
ESO116-G012,15,9.86,10.133685614970819,0.7795142780746784,15.54978601717524,8.954409052426183,0.7462007543688486,17.07855965573281,4.2136054284440245,0.46817838093822495,20.461906635057282,3.0281061015602884,0.5046843502600481,27.400557911480178,0,8.954409052426183,0.7462007543688486,"[6.936501605574415, 0.7312706665744677, 0.8915905814016494]",7,109.1,0.7795142780748077,0,0.7795142780748077
ESO563-G021,27,42.41,168.07098530144168,6.7228394120576676,174.66265903345032,201.74066502541967,8.40586104272582,211.62817562343267,37.760005514436024,1.7980955006874297,57.535026710462,32.20811277034271,1.7893395983523728,61.87064456438167,1,37.760005514436024,1.7980955006874297,"[6.48332974500436, 1.3716672969939825, 0.70742630676518, 10.699999999999998, 5.892095857102378, 1.0759797730751532]",4,314.6,6.722839412057329,2,0.4239447667447389
F568-V1,15,17.63,0.6970514203787328,0.053619340029133294,6.113151822583153,1.023990376253147,0.08533253135442892,9.148140979559777,0.25250334704285565,0.028055927449206184,16.500804553656113,0.07521970756569263,0.012536617927615437,24.447671517485585,0,1.023990376253147,0.08533253135442892,"[7.022729972609387, 0.7198485991799731, 0.6022830036556284]",7,112.3,0.0536193400291333,0,0.0536193400291333
F571-8,9,15.55,9.308725794056341,1.3298179705794773,13.70317494872878,7.565910897543872,1.2609851495906452,14.157584629552531,3.2621147573070592,1.0873715857690198,16.445462221324377,0.049822480869258154,inf,19.824843676895235,0,7.565910897543872,1.2609851495906452,"[6.706785841288024, 1.0078321397347438, 1.1999999999999997]",5,139.7,1.3298179705826314,0,1.3298179705826314
F571-V1,7,13.59,0.15692468117917657,0.03138493623583531,4.048744979289803,0.14190093797075357,0.03547523449268839,5.979631385136693,0.008439189612378361,0.008439189612378361,11.683900083944257,2.1658129921743418e-16,-1.0829064960871709e-16,17.51319134149782,0,0.14190093797075357,0.03547523449268839,"[6.415679637272366, 0.8828400784983401, 1.095417820858984]",7,83.6,0.0313849362358345,0,0.0313849362358345
F574-1,14,12.6,1.1309324298443273,0.09424436915369394,6.4090470890748445,1.8397056432348045,0.1672459675668004,9.75687763208058,0.05202856137175461,0.006503570171469326,15.886372539063304,0.03149804542621991,0.006299609085243981,23.783014011963544,0,1.8397056432348045,0.1672459675668004,"[6.81132087788959, 0.7430951765564024, 0.8714499241171537]",7,97.8,0.0942443691536982,0,0.0942443691536982
F583-1,25,16.26,4.480803244336657,0.19481753236246338,10.918554894073058,3.4353566981039365,0.15615257718654257,13.091984172708537,2.1383812945110523,0.11254638392163434,21.451636243720255,1.5861156035179385,0.09913222521987115,30.555998027331743,0,3.4353566981039365,0.15615257718654257,"[6.6078472207721175, 0.8059598144468808, 1.156079672072743]",9,85.8,0.1948175323621351,0,0.1948175323621351
IC2574,34,10.23,41.820531571236565,1.3068916116011426,48.87325262046889,29.129181569236067,0.9396510183624538,39.70826314308455,16.20858988337264,0.5788782101204514,37.36675303106961,12.396774318637375,0.495870972745495,44.13401904018283,1,16.20858988337264,0.5788782101204514,"[6.128041514559002, 0.7568645110117042, 1.199999999999947, 9.646049497267573, 7.959077676045742, 1.2962892694756987]",9,66.4,1.306891611598784,1,0.4610472456186275
IC4202,29,25.9,85.50909575933483,3.1670035466420305,92.24368741930778,97.83624766476979,3.7629326024911456,107.93813515472921,31.59017464669664,1.3734858542042017,51.793949626615486,30.101783719401528,1.5050891859700763,60.407446189279796,1,31.59017464669664,1.3734858542042017,"[6.2461334820459244, 1.3598641843083492, 1.1999999999992321, 10.554940042225642, 5.415743056030569, 1.4397299225145488]",4,242.6,3.167003546642054,2,0.3936055839880052
NGC0024,29,11.27,21.148027761451516,0.7832602874611673,27.882619421424465,19.884175336958585,0.7647759744984071,29.98606282691801,3.734622431850148,0.16237488834131078,23.938397411768992,0.5095988256254436,0.025479941281272178,30.81526129550371,1,3.734622431850148,0.16237488834131078,"[7.7894638046677835, 0.2747420724524037, 0.8664785586580213, 10.345422748051982, 9.19545424365651, 2.3755310886046526]",5,106.3,0.7832602874611388,1,0.1300709190585576
NGC0055,21,13.5,9.175799315764369,0.48293680609286155,15.264844191211214,6.340217683195928,0.35223431573310715,15.473784996366199,1.704363638627917,0.11362424257519448,19.971498264968456,0.47963379072984125,0.039969482560820106,27.88033573024065,0,6.340217683195928,0.35223431573310715,"[6.315568242545871, 0.9261496632668815, 1.1999999999999997]",9,85.6,0.4829368060930246,0,0.4829368060930246
NGC0100,21,9.62,1.6254208024227008,0.0855484632854053,7.714465677869547,1.9068102796248703,0.1059339044236039,11.04037759279514,0.935732497627441,0.06238216650849607,19.20286712396798,0.4295121984397001,0.03579268320330834,27.830214137950506,0,1.9068102796248703,0.1059339044236039,"[6.629426745714446, 0.8019232666878436, 1.0566674983002953]",6,88.1,0.08554846328541,0,0.08554846328541
NGC0247,26,14.54,92.97273037128409,3.8738637654701704,99.48892344732705,33.768797906212995,1.4682086046179563,43.54308752027744,7.1010415517493914,0.3550520775874696,26.649620779878283,4.842716730508528,0.2848656900299134,34.16558557270187,1,7.1010415517493914,0.3550520775874696,"[7.118188376365983, 0.43893366996549066, 1.1999999999999997, 10.352839899554764, 9.700303937104561, 2.3435585786939153]",7,104.9,3.873863765445277,1,0.0650232008494432
NGC0289,28,71.12,67.52396364451424,2.5970755247890094,74.18837266486464,48.48526102867839,1.9394104411471356,58.481874559204,27.226958346529567,1.237589015751344,47.220185407580786,17.194056938992386,0.9049503652101256,47.18389753056922,2,17.194056938992386,0.9049503652101256,"[4.000000000000001, 2.2906891639167832, 0.05000000000000001, 10.393496436079898, 9.013200250856913, 1.3375707821502008, 10.699999999999998, 29.316535415194682, 1.9005062884944683]",4,163.0,2.5970755247906205,1,1.6520257362651904
NGC0300,25,11.8,13.417073404254703,0.5833510175762914,19.854825053991103,9.6526219534717,0.4387555433396227,19.3092494280763,5.4034902662842335,0.28439422454127544,24.716745215493436,2.041117267462641,0.12756982921641508,31.010999691276446,0,9.6526219534717,0.4387555433396227,"[6.445024722384503, 0.9165075835056009, 0.4693346407059636]",7,93.3,0.5833510175762591,0,0.5833510175762591
NGC0801,11,59.82,129.66085170445226,14.406761300494695,134.456642250049,24.638275530047867,3.0797844412559834,31.83196134844298,9.810787371105206,1.9621574742210413,24.19815900789543,4.160648400251119,2.0803242001255593,25.741705855436457,1,9.810787371105206,1.9621574742210413,"[5.472278498433699, 1.5960435211191704, 0.05000000000000001, 10.699999999999998, 45.827240057195375, 0.593095126811514]",5,220.1,14.406761305082576,1,1.399804866775394
NGC0891,14,17.11,32.86502009837517,2.7387516748645973,38.14313475760569,30.949403722798912,2.8135821566180828,38.866575711644685,2.4295951853820426,0.3036993981727553,18.26393916307359,1.577705043542515,0.315541008708503,25.32922101007984,1,2.4295951853820426,0.3036993981727553,"[5.65249138231104, 2.999999999991836, 1.1999999999977617, 10.57374741511911, 8.760474727237668, 1.637133032088431]",3,216.1,2.738751674837141,1,0.2704347261393803
NGC1003,36,30.24,188.5226658163239,5.544784288715409,195.6897036932361,77.01750248796323,2.3338637117564613,87.76805930333155,36.84542941299838,1.2281809804332793,58.34654304373504,16.390115711278348,0.6070413226399388,48.641786157383336,2,16.390115711278348,0.6070413226399388,"[6.670106785430377, 0.8008116030224264, 1.1999999999999997, 10.251579185404644, 16.20838155612785, 1.6917788806185678, 10.594272535327704, 24.71150795541231, 3.9254834646745564]",6,109.8,5.544784288882662,1,0.9840870023373306
NGC1090,22,30.09,37.75573203584515,1.8877866017922575,43.93781694256178,33.15682786527414,1.7450962034354809,42.42995522534909,17.96015157198593,1.1225094732491205,36.50640629213582,6.1914823446287315,0.4762678726637486,34.01086442485358,2,6.1914823446287315,0.4762678726637486,"[6.293873959489968, 1.0535027722478838, 1.1999999999999902, 10.221833384026088, 4.6874055100905565, 1.0039030785081677, 10.699999999999996, 22.559515954721792, 4.702092411164336]",4,164.4,1.8877866017933989,1,0.5224274174908414
NGC2403,73,20.87,1351.0329186908548,19.028632657617674,1359.6138375731516,376.0288538164865,5.37184076880695,388.9002321399317,160.163635061811,2.3905020158479253,185.90639170870134,61.040626222292744,0.9537597847233241,99.65476119262826,2,61.040626222292744,0.9537597847233241,"[7.918763782172801, 0.00579950548839912, 1.1999999999999997, 10.167174494177791, 4.957669442509457, 1.4258314172992226, 10.699999999999998, 13.135855381690078, 4.0600171729237635]",6,131.2,19.028632657596752,2,0.7870304121898094
NGC2683,11,34.62,6.225590795522497,0.6917323106136108,11.021381341119238,6.749437847798542,0.8436797309748177,13.943123666193653,4.377810812900163,0.8755621625800327,18.765182449690386,2.4743345095390863,1.2371672547695431,24.055391964724425,0,6.749437847798542,0.8436797309748177,"[6.949753244622645, 0.8609814035969031, 0.4153316789368127]",3,154.0,0.691732310613612,0,0.691732310613612
NGC2841,50,63.64,335.6955832066427,6.993657983471723,343.519629217499,86.44309345124597,1.8392147542818291,98.1791624675304,56.501481514125125,1.2841245798664802,79.973619546694,36.85653472952057,0.8989398714517212,72.06474177837387,2,36.85653472952057,0.8989398714517212,"[6.997394400028821, 1.0539517853653149, 0.1211198760635265, 10.699999999999998, 47.176302865932556, 0.47176302868226927, 10.699999999999998, 49.56045777655184, 0.49560461192860467]",3,284.8,6.993657983462298,2,2.4296631704850356
NGC2903,29,24.96,52.29307241830224,1.93678045993712,59.02766407827519,43.38353249205899,1.6685974035407303,53.48541998201841,20.611514529392963,0.896152805625781,40.81528950931181,19.513125471035575,0.9756562735517788,49.81878794091384,1,20.611514529392963,0.896152805625781,"[6.3310769579232735, 1.1865151465086279, 1.199999999999982, 10.392172542536105, 6.9129316055649355, 2.249917091657692]",4,184.6,1.9367804599368843,1,0.8790520486081325
NGC2976,24,2.27,5.710983298814956,0.25959014994613433,12.067090959510846,5.712029013994146,0.27200138161876886,15.246190505037983,3.8444531119410597,0.21358072844117,22.912776094028736,3.4054513178773793,0.22703008785849196,32.00793579100889,0,5.712029013994146,0.27200138161876886,"[7.191474915720581, 0.5825337706565034, 1.1999999999999997]",5,85.4,0.2595901499461197,0,0.2595901499461197
NGC2998,13,42.28,61.11987531352158,5.556352301229235,66.24977402844466,9.721283383928482,0.9721283383928482,17.416131456313092,3.5602413485211053,0.5086059069315865,18.949937493290328,1.8945393082241297,0.47363482705603244,24.97908352537796,0,9.721283383928482,0.9721283383928482,"[4.97741235757723, 1.9216067961821215, 0.05000000000000036]",5,209.9,5.556352301246556,1,0.81625783503355
NGC3109,25,6.45,3.4270553845101537,0.1490024080221806,9.864807034246555,3.451852547559712,0.15690238852544144,13.108480022164313,2.253996556280953,0.11863139769899754,21.567251505490155,1.3121857431533999,0.08201160894708749,30.282068166967203,0,3.451852547559712,0.15690238852544144,"[6.564432092174733, 0.7599527613838243, 1.1447860284266036]",9,66.2,0.1490024080221437,0,0.1490024080221437
NGC3198,40,44.08,67.92943217248063,1.7876166361179113,75.3071910807085,36.49987271974793,0.9864830464796737,47.56651108208973,11.194442099015436,0.3292482970298658,33.32771882369906,8.302647767683471,0.2678273473446281,41.5025628547089,1,11.194442099015436,0.3292482970298658,"[6.510154378609893, 1.0478841068824567, 0.5364249359895965, 10.649222678374208, 37.02412433646354, 4.522397528215927]",5,150.1,1.7876166361178942,2,0.4522486559656372
NGC3521,41,17.74,30.907453415025646,0.7924988055134781,38.33459754843426,11.156374510814551,0.2935888029161724,22.297090710927474,2.1379430231648797,0.06108408637613942,24.419375423390726,2.3652332020666353,0.07391353756458235,35.787381802405406,0,11.156374510814551,0.2935888029161724,"[4.000000000000001, 2.642942531388393, 0.0873193006905887]",4,213.7,0.7924988055474643,1,0.0621076360560266
NGC3726,12,32.52,24.244369982720595,2.4244369982720597,29.214183282296595,20.15636523510629,2.2395961372340323,27.61108518447029,5.4626360121137925,0.9104393353522987,20.372075910841794,1.72609520949034,0.5753650698301133,24.090255057582343,1,5.4626360121137925,0.9104393353522987,"[5.344414244293526, 2.9999999999991034, 1.1999999999999975, 10.260723840686765, 7.290090000599531, 1.3817390011479147]",5,168.0,2.4244369982813394,1,0.797975965532005
NGC3769,11,37.16,5.64198881648967,0.62688764627663,10.437779362086411,6.559714584934366,0.8199643231167958,13.75340040332948,0.4675547834720538,0.09351095669441076,14.854926420262277,0.05901020189151227,0.029505100945756136,21.64006765707685,0,6.559714584934366,0.8199643231167958,"[6.254438514064274, 1.0904165534103603, 0.4958281307175322]",3,118.6,0.6268876462766297,0,0.6268876462766297
NGC3877,11,11.35,7.097287602602948,0.7885875114003276,11.893078148199688,6.267612766677901,0.7834515958347377,13.461298585073013,1.5200349731992402,0.30400699463984804,15.907406609989465,0.5591017285264754,0.2795508642632377,22.140159183711813,0,6.267612766677901,0.7834515958347377,"[7.56775484295701, 0.4572718852583576, 1.199999999997665]",5,168.4,0.788587511399875,0,0.788587511399875
NGC3893,10,19.05,2.8268221449692206,0.35335276812115257,7.431992330957312,2.8026755102793106,0.40038221575418725,9.710430789261448,0.7188065377554458,0.17970163443886145,14.534317095719722,0.40352603169594986,0.40352603169594986,21.126791868642364,0,2.8026755102793106,0.40038221575418725,"[6.952104287214736, 0.8928818625581444, 0.997721317546329]",5,174.0,0.3533527681213128,0,0.3533527681213128
NGC3917,16,14.86,8.922137725539216,0.6372955518242297,14.467315170018779,10.563581667641484,0.8125832052031912,18.881347834360827,1.8669925781075416,0.18669925781075417,18.502524911546228,1.0379212084416731,0.14827445834881045,25.991219708599704,1,1.8669925781075416,0.18669925781075417,"[6.629370052218035, 0.934607031071359, 0.9546778399081074, 9.418667403020054, 2.7049536030896126, 0.13125054697954547]",6,135.9,0.6372955518242344,0,0.6372955518242344
NGC3949,7,7.07,2.0900154498763444,0.41800308997526886,5.98183574798697,1.8132653990584453,0.4533163497646113,7.650995846224385,0.5878944167963072,0.5878944167963072,12.263355311128187,0.26441541583887895,-0.13220770791943948,17.7776067573367,0,1.8132653990584453,0.4533163497646113,"[4.526208930471224, 2.9999999999999747, 0.23596968627145118]",4,163.0,0.4180030899797516,0,0.4180030899797516
NGC3953,8,15.68,1.103463909779527,0.18391065162992115,5.262346993139198,1.3234011349758328,0.2646802269951666,7.56172576001534,0.07472315318254208,0.03736157659127104,12.551372403261556,2.246273579060555e-20,-2.246273579060555e-20,18.71497387511852,0,1.3234011349758328,0.2646802269951666,"[7.123853425933392, 0.777850641223192, 0.48428089701133065]",4,220.8,0.1839106516299225,0,0.1839106516299225
NGC3972,10,8.72,6.289870826670826,0.7862338533338532,10.895041012658918,5.685953316544878,0.8122790452206968,12.593708595527016,1.3913419815392227,0.3478354953848057,15.206852539503497,0.5595880008121396,0.5595880008121396,21.282853837758555,0,5.685953316544878,0.8122790452206968,"[6.666797130935689, 0.925040476995364, 0.5443252823692479]",4,132.7,0.7862338533338925,0,0.7862338533338925
NGC3992,9,46.02,4.969325277035814,0.7099036110051163,9.363774431708254,2.7891945329547827,0.4648657554924638,9.380868264963441,2.142022465732428,0.714007488577476,15.325369929749744,1.3325183545749366,inf,21.10753955060091,0,2.7891945329547827,0.4648657554924638,"[6.79756467344478, 1.079213795024595, 0.17302988025115962]",4,241.0,0.7099036110051599,0,0.7099036110051599
NGC4010,12,10.47,14.599958638847443,1.4599958638847443,19.569771938423443,13.534891674869623,1.5038768527632915,20.989611624233625,1.0817937937352902,0.18029896562254835,15.991233692463293,0.7613235277185604,0.2537745092395201,23.125483375810564,1,1.0817937937352902,0.18029896562254835,"[8.336620379851876, -0.4530348766167758, 1.1999999999999997, 10.359619831751381, 6.160318390450907, 1.7548427681032963]",7,125.8,1.4599958639254491,1,0.1610094651476113
NGC4013,36,31.01,61.43558110718183,1.8069288560935832,68.60261898409405,30.097244730045663,0.9120377190922928,40.84780154541399,17.793070463379053,0.5931023487793018,39.294184094115714,14.381229432456252,0.5326381271280093,46.63289987856124,1,17.793070463379053,0.5931023487793018,"[6.087500373525177, 1.239813764070809, 0.2424016023786405, 10.699999999999998, 23.44034164212525, 3.12600733634995]",3,172.9,1.806928856153034,1,0.7912757531792277
NGC4051,7,12.19,3.0973127464444863,0.6194625492888972,6.989133044555112,2.439549716621876,0.609887429155469,8.277280163787815,0.7523749705396836,0.7523749705396836,12.427835864871563,0.2846812766025738,-0.1423406383012869,17.797872618100392,0,2.439549716621876,0.609887429155469,"[7.001058894739959, 0.6475576867378907, 1.1999999999999997]",4,157.0,0.6194625493031014,0,0.6194625493031014
NGC4085,5,6.2,1.2638826024991425,0.4212942008330475,4.482758427367343,1.1632452408760487,0.5816226204380244,5.991558978178349,0.5563373764207837,-0.5563373764207837,10.212964851025385,1.7030303665158127e-23,-4.257575916289532e-24,14.484941211906902,0,1.1632452408760487,0.5816226204380244,"[4.000000000000001, 2.9235770233306626, 0.1696715318571004]",5,131.5,0.4212942008347935,0,0.4212942008347935
NGC4088,9,21.48,1.6143998511656852,0.23062855016652645,6.008849005838124,1.5261314619422344,0.25435524365703904,8.117805193950893,0.9878284514202859,0.3292761504734286,14.171175915437603,0.1494691740121181,inf,19.924490370038093,0,1.5261314619422344,0.25435524365703904,"[5.542704539502836, 2.9999999999999996, 1.1999999999999997]",4,171.7,0.2419200220684502,0,0.2419200220684502
NGC4100,24,22.76,13.496874279724318,0.6134942854420145,19.85298194042021,11.753888776529422,0.5597089893585439,21.28805026757326,7.180958946492753,0.39894216369404184,26.24928192858043,4.748402073517848,0.3165601382345232,33.35088654664936,0,11.753888776529422,0.5597089893585439,"[7.059871954153938, 0.8223713876028306, 0.592817725693277]",4,158.2,0.613494285442016,0,0.613494285442016
NGC4157,15,29.61,3.5541418930714803,0.2733955302362677,8.9702422952759,1.6439036974714054,0.1369919747892838,9.768054300778035,1.007075032512578,0.11189722583473088,17.255376239125837,0.520754612057502,0.08679243534291699,24.893206421977393,0,1.6439036974714054,0.1369919747892838,"[4.000000000000001, 2.686455345571625, 0.15219976477188157]",3,184.7,0.2733955302362727,0,0.2733955302362727
NGC4183,23,21.02,8.06748328857489,0.38416587088451853,14.338471720433189,3.3468270975160634,0.16734135487580318,12.753309745303513,1.231745710171608,0.07245563001009458,20.044711005746507,1.0742065712458873,0.07672904080327766,29.293654514608235,0,3.3468270975160634,0.16734135487580318,"[6.479739668201941, 0.9035628172196507, 0.277764127034276]",6,110.6,0.3841658708842539,0,0.3841658708842539
NGC4217,11,16.72,5.469146144962351,0.6076829049958168,10.264936690559093,5.4057839340953695,0.6757229917619212,12.599469752490482,0.24325303701234655,0.048650607402469306,14.63062467380257,0.06429282074334507,0.03214641037167253,21.64535027592868,0,5.4057839340953695,0.6757229917619212,"[6.241867648779876, 1.249360092149032, 1.1999999999999997]",3,181.3,0.6076829050035885,0,0.6076829050035885
NGC4559,32,20.97,7.3749252104693666,0.2458308403489789,14.30639701606882,5.756375377078303,0.19849570265787253,16.153583085477482,1.0483539719410622,0.04032130661311777,21.84276938873942,0.8271465332220456,0.03596289274878459,32.018769658419586,0,5.756375377078303,0.19849570265787253,"[6.340655149870736, 1.0304894346018998, 0.8250390393673287]",6,121.2,0.2458308403489776,0,0.2458308403489776
NGC5005,13,11.47,0.34456473976669083,0.031324067251517346,5.474463454689764,0.34413557345029233,0.03441355734502923,8.038983645834904,0.09431519413825235,0.013473599162607477,15.484011338907473,0.014619473777642831,0.003654868444410708,23.099163690931473,0,0.34413557345029233,0.03441355734502923,"[6.765463715432246, 1.1297667999621879, 1.1999999999999997]",4,262.2,0.0313240672515259,0,0.0313240672515259
NGC5033,20,44.59,44.54004314249027,2.4744468412494594,50.53150768959825,32.79062873885481,1.9288605140502828,41.77782555951678,22.453124483795218,1.6037946059853727,40.427518125119164,11.21330001460641,1.0193909104187646,38.174890476592324,2,11.21330001460641,1.0193909104187646,"[6.808563257320876, 1.040308285040321, 1.0205762581970639, 10.638046179942314, 22.25133939876167, 2.907995848618872, 10.699999999999967, 39.51671691007526, 1.7389857720658717]",5,194.2,2.4744468412494536,0,2.4744468412494536
NGC5055,22,54.59,190.57790347228863,9.528895173614432,196.75998837900525,160.05006949663584,8.423687868243992,169.32319685671078,17.26138368689244,1.0788364804307775,35.80763840704233,6.59493569450022,0.5073027457307862,34.41431777472506,2,6.59493569450022,0.5073027457307862,"[5.5126177343569305, 1.591617465865874, 1.199999999812819, 10.21887730567641, 8.82555238855107, 1.779076335687392, 10.637706886557085, 14.905856215902165, 3.1870327184585006]",4,179.0,9.528895173612792,1,1.4641064759698024
NGC5371,19,46.24,208.4062085822079,12.259188740129877,214.29508654054078,94.10582893100181,5.881614308187613,102.93914586850113,46.24355454085432,3.55719650314264,63.91018841585296,23.171871629600318,2.317187162960032,49.67182244209828,2,23.171871629600318,2.317187162960032,"[8.743829829381257, -0.10950019664576072, 0.05000000000000001, 10.699999999999998, 30.369877248331235, 6.031611497147891, 10.699999999999998, 37.589192591033864, 0.501279645269524]",4,209.5,12.259188740350686,2,1.3026272684542848
NGC5585,24,10.96,113.78026916610067,5.1718304166409395,120.13637682679656,108.51849092064373,5.167547186697321,118.05265241168756,55.74262703537844,3.09681261307658,74.81095001746611,33.75772520081108,2.2505150133874054,62.36020967394259,2,33.75772520081108,2.2505150133874054,"[4.201929583805695, 2.9999999999194897, 1.1999998749206675, 9.19820201310278, 2.6877922896532613, 0.5721771052648232, 10.143293793033033, 6.404466050821888, 2.2912371404394434]",7,90.3,5.171830416641091,2,3.683328031914358
NGC5907,19,50.33,171.44686914589528,10.085109949758547,177.33574710422815,55.05499792635693,3.4409373703973083,63.88831486385625,31.63386705843487,2.4333743891103747,49.30050093343351,20.466548351326313,2.0466548351326312,46.96649916382428,2,20.466548351326313,2.0466548351326312,"[7.516573368003396, 0.608332743419799, 0.05000000000000027, 10.699999999999998, 39.43388308069751, 1.1652843871938443, 10.457898294892319, 20.560160184235453, 2.590136439859763]",5,215.0,10.085109949760792,1,4.206683569487297
NGC5985,33,34.72,111.8996454016268,3.6096659806976388,118.89266052455976,76.49371035321704,2.5497903451072346,86.98323303761649,29.382569034219763,1.0882432975636949,50.36161440301865,14.668545439637281,0.6111893933182201,46.1371134928356,2,14.668545439637281,0.6111893933182201,"[6.179971311239934, 1.4021469521881065, 0.05361923758905979, 10.699999999999998, 22.40337519822648, 1.7765597965652442, 10.699999999999998, 6.502060336668084, 1.69384141119409]",3,293.6,3.6096659806979,2,2.258179268929689
NGC6015,44,29.23,661.7902808125122,15.756911447916956,669.3586600803487,312.6967312136548,7.626749541796459,324.0493001154096,184.101355811387,4.84477252135229,206.80649361489657,81.74500674336409,2.335571621238974,115.80271344862844,2,81.74500674336409,2.335571621238974,"[7.74537660113449, 0.3868565079753002, 1.1329976846828211, 10.699999999999998, 12.430720361042452, 2.9988710588342316, 10.699999999999998, 19.35986205605929, 3.11863851327309]",6,154.1,15.756911447995137,2,0.8548008886282552
NGC6195,20,36.43,31.945113907643194,1.774728550424622,37.93657845475118,20.92738356814382,1.2310225628319895,29.914580388805796,6.223114540583278,0.4445081814702342,24.197508181907224,11.512532574899716,1.0465938704454287,38.47412303688563,1,6.223114540583278,0.4445081814702342,"[5.839652954258664, 1.5778219388771286, 1.1999999999999997, 9.626540651166543, 2.2496863336502275, 0.1715336033191308]",3,251.7,1.774728550453207,1,0.4164730721412688
NGC6503,31,23.5,73.85803114801341,2.5468286602763244,80.72600555698371,51.104931331637694,1.8251761189870606,61.406892945093134,43.62272665361297,1.7449090661445188,64.22664988052385,29.763238334697363,1.352874469758971,60.669123175063675,2,29.763238334697363,1.352874469758971,"[7.045701827379963, 0.6569291980185519, 1.199999999977594, 9.722657725366279, 10.414596915496887, 1.1989107708053564, 10.624915258690596, 18.55518324951814, 5.4741528009500255]",6,116.3,2.546828660276091,1,0.8058832261180524
NGC6674,15,72.41,276.956369638601,21.30433612604623,282.3724700408054,99.5891807023626,8.29909839186355,107.71333130566923,50.130066547246166,5.570007394138463,66.37836775385942,21.205701750376928,3.5342836250628213,45.57815356029682,2,21.205701750376928,3.5342836250628213,"[7.394478435483501, 0.7735399980492973, 0.05000000000000001, 10.699999999999998, 52.638231635620855, 0.7366896372660638, 10.699999999999998, 57.41656645567382, 0.7393448032151685]",3,241.3,21.304336126194833,2,13.25257694445008
NGC6946,55,20.4,63.2203908618503,1.1928375634311377,71.23505723231524,65.27950511371733,1.255375098340718,77.30150466941475,29.61010946511637,0.6042879482676811,53.65410857651119,16.876671102106286,0.36688415439361494,52.942669769198524,2,16.876671102106286,0.36688415439361494,"[6.506608705552053, 0.9921970061884234, 1.1999999999999698, 9.722152954197878, 4.201489088699232, 0.41036469852444246, 9.801204060067466, 11.186963850224945, 0.29760243225352245]",6,158.9,1.19283756343114,2,0.3819362374160507
NGC7331,28,36.31,12.21404257343753,0.4697708682091358,18.878451593787936,10.71485391087103,0.4285941564348412,20.711467441396643,9.738198115633526,0.442645368892433,29.73142517668475,4.297414148122429,0.2261796920064436,34.287254739699264,0,10.71485391087103,0.4285941564348412,"[5.712488162323661, 1.7023361754045427, 0.5637949121053881]",3,239.0,0.4697708682091291,0,0.4697708682091291
NGC7814,16,19.53,9.931330907938081,0.7093807791384343,15.476508352417643,10.79070195673115,0.8300539966716269,19.108468123450493,0.6181476386377855,0.06181476386377856,17.253679972076473,0.40165949035471127,0.05737992719353018,25.35495799051274,1,0.6181476386377855,0.06181476386377856,"[6.311835008179689, 1.3274645270214247, 1.1999999999999997, 10.5530473986686, 5.645448785240073, 1.8500216069018565]",2,218.9,0.7093807791384282,1,0.0585223056695723
UGC00128,22,53.75,144.06243119849657,7.203121559924829,150.2445161052132,47.55394050437413,2.502838973914428,56.82706786444908,31.714343395471932,1.9821464622169958,50.26059811562183,22.39460038883058,1.722661568371583,50.21398246905542,2,22.39460038883058,1.722661568371583,"[6.049915477634438, 1.1983517569843458, 0.20680125425511428, 9.68160323608531, 17.333490228709213, 1.3243074330879527, 10.299918246492346, 42.05635865694036, 1.4176726042954833]",8,129.3,7.203121559924765,1,2.710274544503655
UGC01281,25,4.99,3.882036895686493,0.16878421285593448,10.319788545422893,3.427653845668972,0.1558024475304078,13.084281320273574,0.5111098240170335,0.02690051705352808,19.824364773226236,0.3717955036974322,0.023237218981089512,29.341677927511235,0,3.427653845668972,0.1558024475304078,"[6.718091087305626, 0.5938125435667706, 1.1999999999999997]",8,55.2,0.1688161095947725,0,0.1688161095947725
UGC02259,8,8.14,13.843928519771769,2.3073214199619616,18.00281160313144,3.926425555729536,0.7852851111459073,10.164750180769044,0.6625850449712524,0.3312925224856262,13.139234295050265,0.006499326962583113,-0.006499326962583113,18.721473202081103,0,3.926425555729536,0.7852851111459073,"[6.812584905432942, 0.6566635709411207, 0.18832875928443926]",8,86.2,2.3073214199576104,1,0.3243394898908843
UGC02885,19,74.07,75.25319531847818,4.426658548145775,81.14207327681106,28.45099517220974,1.7781871982631088,37.28431210970906,25.308534444269768,1.9468103418669052,42.975168319268406,23.645560886417183,2.3645560886417183,50.14551169891514,0,28.45099517220974,1.7781871982631088,"[4.000000000000042, 2.624753453329406, 0.054674432799527904]",5,289.5,4.426658548242126,1,0.8331392566381083
UGC02916,32,38.0,90.25378935934697,3.0084596453115657,97.18526116494643,70.4058019429629,2.4277862738952725,80.80300965136207,15.171723260482024,0.583527817710847,35.966138677280384,11.619292524786111,0.5051866315124396,42.81091564998365,1,15.171723260482024,0.583527817710847,"[6.187604767190899, 1.234822027104668, 1.1999999999985163, 10.404099038818671, 7.691670981944254, 1.205703823259915]",2,182.7,3.008459645320803,1,0.6332370872874699
UGC02953,106,62.39,1122.7158600640482,10.795344808308156,1132.0427382522723,588.1606969500825,5.710298028641578,602.1510142324187,285.76481098111236,2.8576481098111235,313.7454455457848,252.5199325209675,2.6032982734120362,294.4908843679761,2,252.5199325209675,2.6032982734120362,"[6.396382096416186, 1.3259853952269902, 0.34171522246283625, 10.498970052671066, 5.825462916837727, 1.293922017789769, 10.699999999999998, 50.540822723759796, 0.7535248967346071]",2,264.9,10.79534480831212,2,2.2249991521539365
UGC03205,46,40.04,333.49542408407,7.579441456456137,341.1527068770482,97.68708841714209,2.2717927538870253,109.17301260660938,40.864555890889946,1.0216138972722486,63.83640426982451,68.12249174936561,1.84114842565853,102.58026431776747,1,40.864555890889946,1.0216138972722486,"[5.9340482434254564, 1.4659091653298855, 0.34161082433906725, 10.357220464766023, 3.16367078001132, 0.8710014268004497]",2,219.6,7.579441456466734,1,0.9745266445246924
UGC04278,25,6.69,14.896481053807687,0.6476730892959864,21.33423270354409,10.719750293622697,0.4872613769828499,20.3763777682273,0.8854332203802842,0.04660174844106759,20.198688169589488,0.534959236724184,0.0334349522952615,29.504841660537988,1,0.8854332203802842,0.04660174844106759,"[7.118280749741531, 0.21966116910251132, 1.1687697560585477, 9.932475378708897, 4.740779840758429, 1.0466770755287327]",7,91.4,0.6476730892961162,1,0.0442957912693467
UGC04325,8,5.59,2.4715875163444005,0.4119312527240668,6.630470599704072,2.8944630385116588,0.5788926077023318,9.132787663551166,0.08920326524759302,0.04460163262379651,12.565852515326606,0.0013399239532684258,-0.0013399239532684258,18.716313799071788,0,2.8944630385116588,0.5788926077023318,"[7.5633910122993075, 0.3359731349292688, 0.8813548892673443]",9,90.9,0.4119312527240577,0,0.4119312527240577
UGC04499,9,8.18,1.7025871109124426,0.24322673013034896,6.097036265584881,1.9634111401765568,0.32723519002942614,8.555084872185216,0.2991787861250389,0.09972626204167963,13.482526250142355,0.04784859962328674,inf,19.82286979564926,0,1.9634111401765568,0.32723519002942614,"[6.680416853392366, 0.656426633398191, 0.8883664307791338]",8,72.8,0.2432267301303501,0,0.2432267301303501
UGC05253,73,53.29,100.20842293279486,1.4113862384900684,108.78934181509165,68.46136925083447,0.9780195607262067,81.33274757427964,49.179487011105984,0.7340221941956117,74.92224365799633,43.22468243483207,0.6753856630442511,81.83881740516759,1,49.179487011105984,0.7340221941956117,"[6.417068470857321, 1.2257147027812354, 0.6009686285040984, 10.699999999999998, 14.68638499243063, 5.874553996972237]",2,213.7,1.411386238490058,1,0.8904079886817728
UGC05716,12,12.37,25.47697642822187,2.547697642822187,30.44678972779787,11.335644670513787,1.259516074501532,18.79036461987779,2.476823392360952,0.4128038987268254,17.386263291088955,0.17782361088905557,0.05927453696301852,22.54198345898106,1,2.476823392360952,0.4128038987268254,"[6.161993618367819, 0.8748391806806437, 0.1991391782533077, 9.174025066560127, 5.949622265460519, 1.1071980675068978]",9,73.1,2.547697642821966,1,0.9864400342169496
UGC05721,23,6.74,8.24792921919959,0.3927585342475995,14.518917651057889,9.018878540673771,0.4509439270336886,18.42536118846122,1.3839042265130184,0.08140613097135402,20.196869522087916,0.8713533155431724,0.06223952253879803,29.09080125890552,0,9.018878540673771,0.4509439270336886,"[7.60743847267721, 0.26885939169862116, 0.5624645522679796]",7,79.7,0.3927585342476027,0,0.3927585342476027
UGC05986,15,9.41,11.319809577101994,0.8707545828539995,16.735909979306413,3.0592495232483157,0.254937460270693,11.183400126554945,1.1739575925295065,0.1304397325032785,17.422258799142767,1.0003567680061904,0.16672612800103173,25.372808577926083,0,3.0592495232483157,0.254937460270693,"[7.178949710964836, 0.6413283789438943, 1.1999999999999997]",9,113.0,0.8707545828538859,1,0.2172707955730999
UGC06399,9,7.85,0.3300738521825454,0.04715340745464935,4.724523006854985,0.2808055541979887,0.046800925699664785,6.872479286206647,0.18039221157253083,0.06013073719084361,13.363739675589848,0.004943008323030798,inf,19.779964204349007,0,0.2808055541979887,0.046800925699664785,"[6.854358313081898, 0.6721975607871856, 1.1146895087129687]",9,85.0,0.0471534074546528,0,0.0471534074546528
UGC06446,17,10.22,6.744344463573456,0.4496229642382304,12.41077115168589,2.732160494987921,0.19515432107056577,11.23180052715657,0.8618405445490448,0.07834914041354953,17.861120608886342,0.4485385052036327,0.05606731315045409,25.947458601709577,0,2.732160494987921,0.19515432107056577,"[6.774684608388091, 0.65810607763852, 0.3182394884633492]",7,82.2,0.4496229642385813,0,0.4496229642385813
UGC06667,9,7.85,0.6595284031508294,0.09421834330726134,5.053977557823268,0.41675545529149816,0.06945924254858303,7.008429187300156,0.12360181958399999,0.041200606528,13.306949283601316,0.0887548975514854,inf,19.86377609357746,0,0.41675545529149816,0.06945924254858303,"[6.9118110775223744, 0.6518762158744966, 0.940033008023482]",6,83.8,0.0942183433072618,0,0.0942183433072618
UGC06787,55,37.19,1787.4728633309755,33.72590308171652,1795.4875297014405,1442.8469956784713,27.74705760920137,1454.8689952341688,639.2924869033482,13.046785447007105,663.336486014743,436.44880704502896,9.48801754445715,472.5148057121212,2,436.44880704502896,9.48801754445715,"[4.000000002662481, 2.5620121198540833, 0.06276966605629071, 10.500870442820977, 7.6044614974373985, 0.9521169495605685, 10.699999999999998, 20.592712015615934, 1.088177561988557]",2,248.1,33.7259030817172,2,6.7306258845166465
UGC06818,8,6.98,7.264004239234833,1.2106673732058055,11.422887322594505,7.245207520783557,1.4490415041567115,13.483532145823064,0.891104211934469,0.4455521059672345,13.367753462013482,0.3495440935912601,-0.3495440935912601,19.06451796870978,1,0.891104211934469,0.4455521059672345,"[5.27577140189348, 2.999999999637933, 0.7260974528998038, 9.477285924202192, 4.05376760150586, 0.6179636369811586]",9,71.2,1.2106673732189257,1,0.2971572760965414
UGC06917,11,10.47,1.7605224412812688,0.19561360458680765,6.556312986878011,2.2707650218995896,0.2838456277374487,9.464450840294703,0.31130497639837057,0.06226099527967412,14.698676613188594,0.04234625872223994,0.02117312936111997,21.623403713907578,0,2.2707650218995896,0.2838456277374487,"[6.833304936931472, 0.748220553123409, 0.8302140022693006]",9,108.7,0.195613604586808,0,0.195613604586808
UGC06930,10,16.61,1.4052984799739296,0.1756623099967412,6.010468665962021,1.4991123442540417,0.21415890632200596,8.40686762323618,0.06476321050397431,0.016190802625993577,13.88027376846825,0.06476346797631931,0.06476346797631931,20.788029304922734,0,1.4991123442540417,0.21415890632200596,"[6.571175587737197, 0.8550171082202693, 0.4530648963577939]",7,107.2,0.1756623099967358,0,0.1756623099967358
UGC06983,17,15.68,6.351340534229995,0.4234227022819997,12.017767222342428,6.570422446414723,0.46931588902962307,15.070062478583372,0.9635641836932379,0.08759674397211253,17.962844248030535,0.628894989489275,0.07861187368615938,26.12781508599522,0,6.570422446414723,0.46931588902962307,"[6.813652031345158, 0.7652979834139882, 0.5191098098234804]",6,109.0,0.423422702281996,0,0.423422702281996
UGC07125,13,18.68,2.7123942852943745,0.24658129866312495,7.842293000217448,2.5323052944704134,0.25323052944704133,10.227153366855024,1.6005589817803685,0.22865128311148122,16.99025512654959,1.2096859361117038,0.30242148402792596,24.294230153265534,0,2.5323052944704134,0.25323052944704133,"[6.058486149849158, 0.8735717695030494, 0.8742451585448988]",9,65.2,0.2465812986631211,0,0.2465812986631211
UGC07151,11,5.5,8.151040613288009,0.9056711792542232,12.94683115888475,10.297337152641422,1.2871671440801777,17.491022971036536,0.07307700060847794,0.014615400121695588,14.460448637398702,0.07307752437486581,0.036538762187432905,21.654134979560204,1,0.07307700060847794,0.014615400121695588,"[6.117464254885648, 0.959616243280515, 0.35932437047430943, 8.795725965372428, 1.2863214866115917, 0.2557603154680547]",6,73.5,0.9056711792559008,1,0.104317829126168
UGC07261,7,6.67,1.8622060134196066,0.37244120268392134,5.754026311530233,0.09488260541032031,0.02372065135258008,5.93261305257626,0.000354508633264103,0.000354508633264103,11.675815402965142,9.392913098993169e-20,-4.6964565494965844e-20,17.51319134149782,0,0.09488260541032031,0.02372065135258008,"[5.407447019990248, 1.3405934576783813, 0.09441889396261924]",8,74.7,0.3724412026856761,0,0.3724412026856761
UGC07399,10,6.13,7.0833754229590395,0.8854219278698799,11.68854560894713,3.954227211391485,0.564889601627355,10.861982490373624,0.06036762600090838,0.015091906500227095,13.875878183965185,0.04892545013668681,0.04892545013668681,20.7721912870831,0,3.954227211391485,0.564889601627355,"[7.269552026872974, 0.5261100926027388, 0.4302392461923598]",8,103.0,0.8854219278698274,0,0.8854219278698274
UGC07524,31,10.69,6.758418827603929,0.23304892508979067,13.626393236574222,5.235983717234476,0.18699941847265986,15.537945330689915,2.894701838028187,0.11578807352112747,23.498625064939066,2.088745210851707,0.09494296412962305,32.994630051218024,0,5.235983717234476,0.18699941847265986,"[6.565045102133598, 0.7505123555460584, 0.7917857282533253]",9,79.5,0.2330489250897936,0,0.2330489250897936
UGC07603,12,4.11,2.034207454953446,0.20342074549534458,7.004020754529447,2.1425219794777544,0.23805799771975047,9.597241928841756,0.20500000682594496,0.03416666780432416,15.114439905553947,0.12754358937483076,0.04251452979161025,22.491703437466835,0,2.1425219794777544,0.23805799771975047,"[7.289560299663336, 0.3304192336055983, 1.0942034757021295]",7,61.6,0.2034207454953488,0,0.2034207454953488
UGC08286,17,8.04,18.577299210048405,1.2384866140032271,24.24372589816084,20.71471524216129,1.479622517297235,29.21435527432994,0.31410943849537015,0.028555403499579104,17.31338950283267,0.23404966347474632,0.02925620793434329,25.73296975998069,1,0.31410943849537015,0.028555403499579104,"[6.668834156608415, 0.7288544103158856, 0.7544705171514944, 9.091134372509252, 1.3583539089104362, 0.42582287760033316]",6,82.4,1.2384866140032664,1,0.0281544278116654
UGC08490,30,10.15,18.52699052620763,0.6616782330788439,25.329385289531942,2.7512590601276496,0.10189848370843146,12.954851205114116,1.193440811456243,0.049726700477343455,21.600625101429173,0.46711731103902204,0.022243681478048668,31.07789374599842,0,2.7512590601276496,0.10189848370843146,"[7.089834070910432, 0.4905514795115101, 0.2756362923586084]",9,78.6,0.6616782330809061,1,0.0437433403885126
UGC08550,11,5.36,8.470169969934608,0.9411299966594009,13.265960515531349,4.696191354896521,0.5870239193620651,11.889877173291634,0.5567256914150502,0.11134513828301004,14.944097328205274,0.2073079928986709,0.10365399644933546,21.788365448084008,0,4.696191354896521,0.5870239193620651,"[6.8506982029556545, 0.468276189935312, 0.39101148051322293]",7,56.9,0.9411299966594148,1,0.148520453546125
UGC08699,37,25.7,111.56490003717366,3.187568572490676,118.78673586246211,16.69083671303712,0.49090696214815055,27.52359045096979,10.480490095487603,0.3380803256608904,32.14599757135295,6.9576917932482765,0.24848899261600987,39.45595300704629,0,16.69083671303712,0.49090696214815055,"[5.8367028598881, 1.4584937431541047, 0.11974454606138234]",2,182.4,3.187568572487312,2,0.0493536754304582
UGC09037,19,27.96,8.51012856906857,0.5005957981805041,14.39900652740145,8.018084646683866,0.5011302904177416,16.851401584183186,1.530219617366554,0.11770920133588877,19.196853492365197,0.6729720903235832,0.06729720903235832,27.172922902821547,0,8.018084646683866,0.5011302904177416,"[5.9224332569398435, 1.3834850721223277, 1.1999999999999997]",6,152.3,0.5005957981811218,0,0.5005957981811218
UGC09133,64,108.31,671.7062587550896,10.833971915404671,680.024024921809,504.82352772734845,8.27579553651391,517.3001769774274,291.410754207954,5.0243233484130005,316.36405270811207,174.86771827413725,3.179413059529768,212.29766602437428,2,174.86771827413725,3.179413059529768,"[5.860723821488255, 1.5162511707710131, 0.3173159009864791, 10.699999999999998, 51.10876722245423, 1.3675720254587826, 10.699999999999998, 9.096598554963826, 1.8556068438370588]",2,226.8,10.833971915600548,2,4.817559154911119
UGC10310,7,7.74,0.46800799113789965,0.09360159822757994,4.359828289248526,0.3943361286768028,0.0985840321692007,6.232066575842742,0.010707808980499674,0.010707808980499674,11.68616870331238,1.8158069800321445e-24,-9.079034900160722e-25,17.51319134149782,0,0.3943361286768028,0.0985840321692007,"[6.968755605902402, 0.5113804448577312, 0.9893092383320398]",9,71.4,0.0936015982275702,0,0.0936015982275702
UGC11455,33,41.93,56.90885315647343,1.8357694566604332,63.901868279406386,49.58530821024385,1.6528436070081285,60.07483089464329,39.24772288751566,1.4536193662042836,60.22676825631454,33.408341972186925,1.3920142488411218,64.87691002538524,0,49.58530821024385,1.6528436070081285,"[5.837999344615222, 1.613109658743129, 0.33655017610013055]",6,269.4,1.8357694566601543,2,1.267031270195352
UGC11914,63,9.83,499.36768403848134,8.186355476040678,507.6539534912644,184.99167746181317,3.0831946243635526,197.42108164098778,17.72085950526881,0.31089227202225983,42.579667863618,3.2882243546934578,0.060893043605434405,40.576436892217245,2,3.2882243546934578,0.060893043605434405,"[6.1127289473105515, 1.4246420883408635, 0.1281501829985622, 9.75235243888811, 0.974091146087012, 0.3620135390088929, 10.699999999999998, 8.423566991440701, 1.0933643042759513]",2,288.1,8.186355475805337,2,0.081996680155877
UGC12506,31,49.99,21.004223962766126,0.7242835849229698,27.872198371736417,4.143845474545422,0.14799448123376507,14.445807088000862,1.7647756897302844,0.07059102758921137,22.368698916641165,1.3055647936136776,0.05934385425516717,32.211449633979996,0,4.143845474545422,0.14799448123376507,"[6.878817904974156, 1.0431282072418597, 0.18727391553536168]",6,234.0,0.7242835849262651,1,0.1314857725239911
UGC12632,15,10.66,0.8544147562417581,0.06572421201859678,6.2705151584461785,0.988264072752662,0.08235533939605517,9.112414676059291,0.3545584743668061,0.039395386040756236,16.602859680980064,0.2340447422356846,0.03900745703928077,24.606496552155576,0,0.988264072752662,0.08235533939605517,"[6.596597639552876, 0.6916639974794708, 0.6102989965755741]",9,71.7,0.0657242120185977,0,0.0657242120185977
UGCA442,8,6.33,3.6808134062433595,0.61346890104056,7.839696489603031,2.772073274253778,0.5544146548507556,9.010397899293284,0.11602208175907455,0.058011040879537276,12.592671331838089,0.051305425998633164,-0.051305425998633164,18.766279301117155,0,2.772073274253778,0.5544146548507556,"[6.580832762331513, 0.6423587541069291, 0.8026143031925576]",9,56.4,0.6134689010405746,0,0.6134689010405746
