Galaxy,T,V_flat,burk_a_kpc,burk_bic,burk_chi2,burk_chi2_red,burk_rho0,fw_best_bic,fw_best_chi2,fw_best_chi2_red,fw_best_n_shells,fw_n0_bic,fw_n0_chi2,fw_n0_chi2_red,fw_n1_M_sh1,fw_n1_bic,fw_n1_chi2,fw_n1_chi2_red,fw_n1_r_sh1_kpc,fw_n1_sigma_sh1_kpc,fw_n2_M_sh1,fw_n2_M_sh2,fw_n2_bic,fw_n2_chi2,fw_n2_chi2_red,fw_n2_r_sh1_kpc,fw_n2_r_sh2_kpc,fw_n2_sigma_sh1_kpc,fw_n2_sigma_sh2_kpc,is_clean,logM_halo,logM_star,n_excluded,n_pts_total,n_pts_used,nfw_bic,nfw_chi2,nfw_chi2_red,nfw_r_s_kpc,nfw_rho_s,ratio_fw_over_burk,ratio_fw_over_nfw
ESO079-G014,4,175.0,8.029104411232685,18.732513615706576,13.316413213502155,1.0243394779617043,32069384.1192912,16.144665639525975,2.604414634014924,0.2604414634014924,1,18.732513615706576,13.316413213502155,1.0243394779617043,23592924771.75134,16.144665639525975,2.604414634014924,0.2604414634014924,6.3615300803134165,2.017006967420702,4992903212.456188,12610994539.51058,23.94130259987424,2.2769009910565625,0.3252715701509375,5.999999999999999,5.999999999999999,2.3999999999999995,1.4496098334179415,True,12.152458642707415,10.412737668240323,0,15,15,54.91149705451474,49.49539665231032,3.807338204023871,68.21747054741157,1030414.7672734717,0.1955792894271396,0.05261933048663338
ESO116-G012,7,109.1,3.638672747809424,15.54978601717692,10.1336856149725,0.7795142780748077,66532905.7684749,15.54978601717692,10.1336856149725,0.7795142780748077,0,15.54978601717692,10.1336856149725,0.7795142780748077,3050408868.2385907,18.51309953247199,4.972848526960939,0.4972848526960939,4.4252814691212565,1.6190173552220162,1741589613.7143288,2848977606.26929,24.8194092986683,3.155007689850622,0.4507153842643746,2.158723879961234,3.985991418672214,0.8149500051084866,0.28657957074114204,True,11.53681874841356,9.331629717629932,0,15,15,35.814578157115335,30.398477754910918,2.338344442685455,24.04646081360211,2793553.801857206,1.0,0.3333616142451537
ESO563-G021,4,314.6,8.723264440653686,174.6626590334419,168.07098530143324,6.722839412057329,83788777.79692943,34.421645496184674,8.054950568150039,0.4239447667447389,2,174.6626590334419,168.07098530143324,6.722839412057329,49999999999.99999,49.644611319943806,33.16542698992216,1.5075194086328254,5.845224996605396,1.1051433118949232,49999999999.99999,32349919698.787914,34.421645496184674,8.054950568150039,0.4239447667447389,7.641446205564531,4.797837587225713,1.0582778964405917,0.6106762073611,False,12.91662065151034,11.191977493867602,3,30,27,367.54933498559205,360.9576612535834,14.438306450143337,33.054111454744955,6681813.205197668,0.04792588413582264,0.022315499663244986
F568-V1,7,112.3,2.992960829210267,6.113151822583154,0.6970514203787336,0.05361934002913335,114107756.41358398,6.113151822583154,0.6970514203787336,0.05361934002913335,0,6.113151822583154,0.6970514203787336,0.05361934002913335,1063493304.6543385,14.065557453429351,0.5253064479183008,0.05253064479183008,5.0617216086375665,0.05254587983041978,3931112030.23217,11428291384.308622,21.680870617806328,0.016469008988646165,0.002352715569806595,2.1007767087315847,4.755390310942094,0.6778116039680906,1.2837737368088908,True,11.574483765432907,9.281601443825656,0,15,15,8.240021207925697,2.8239208057212775,0.2172246773631752,8.012874819928658,17230663.69470997,1.0,0.24683816166746034
F571-8,5,139.7,8.157272934566318,13.70317494875086,9.30872579407842,1.3298179705826314,29068745.066364277,13.70317494875086,9.30872579407842,1.3298179705826314,0,13.70317494875086,9.30872579407842,1.3298179705826314,15977666780.088066,14.320203985832201,3.3340810991511036,0.8335202747877759,6.2197259761385455,1.7314177825182602,5411752613.19878,23428618758.78685,17.62818252564513,0.050385906955372026,0.050385906955372026,4.552435421125172,7.649137528592359,0.4518976072302344,2.1370080208940108,False,11.85893371499108,9.70603466071435,4,13,9,27.75439220956099,23.35994305488855,3.337134722126936,86.0053730647367,746931.0931876488,1.0,0.3984909454704504
F571-V1,7,83.6,5.440086177585878,4.0487449792898,0.15692468117917271,0.03138493623583454,17634953.418500338,4.0487449792898,0.15692468117917271,0.03138493623583454,0,4.0487449792898,0.15692468117917271,0.03138493623583454,1055307686.1617163,9.746125752539712,0.016575007263146438,0.008287503631573219,3.9485793971821366,0.2454986599506425,519755209.89243007,535565918.9839115,15.583856199776985,0.016575007334478385,0.016575007334478385,3.649787159694575,4.478507479382939,0.28334240796110993,0.16047324371601987,True,11.189963328965584,8.965906915495191,0,7,7,5.485680934274249,1.5938606361636232,0.31877212723272463,26.16328361134044,1150215.4932787295,1.0,0.0984557103793503
F574-1,7,97.8,3.5408736135661827,6.409047089074895,1.1309324298443786,0.09424436915369822,53940499.73553294,6.409047089074895,1.1309324298443786,0.09424436915369822,0,6.409047089074895,1.1309324298443786,0.09424436915369822,1604622710.933956,13.280667790123367,0.08538114204707392,0.009486793560785991,2.8210867298906495,0.8246692153029347,1705333263.8691368,2338495545.5215282,21.12821522397859,0.015756587056522293,0.0026260978427537153,3.008224622143044,8.412172390871792,0.8109982660842481,1.7400911600250517,True,11.394361061011338,9.514348489301938,0,14,14,25.00279381116654,19.724679151936023,1.6437232626613352,15.908198076629645,3600211.893340865,1.0,0.057335910061349464
F583-1,9,85.8,4.588203947974259,10.918554894065508,4.480803244329108,0.19481753236213512,25830814.683669746,10.918554894065508,4.480803244329108,0.19481753236213512,0,10.918554894065508,4.480803244329108,0.19481753236213512,1289380598.009416,18.636298157339873,2.5419190329988712,0.12709595164994356,3.4943774803007046,1.0602887622675126,1494411119.1233058,183096308.25448325,27.42352596061743,1.6725193616718235,0.09838349186304844,4.163886004561452,2.19889651399865,1.2781627572722725,0.021988970510550734,True,11.22380636019465,8.69284691927723,0,25,25,42.39528780296691,35.957536153230514,1.563371137096979,29.88163738364087,1059542.650034284,1.0,0.12461374509183498
IC2574,9,66.4,10.817278803042761,48.87325262039341,41.820531571161084,1.3068916115987839,4475181.534475452,31.002172746021003,13.370370122940196,0.4610472456186275,1,48.87325262039341,41.820531571161084,1.3068916115987839,334303179.0842196,31.002172746021003,13.370370122940196,0.4610472456186275,2.448790381555648,0.7084278015617441,503029649.9180361,9004916457.760647,35.369359239077355,7.1584750421480585,0.2753259631595407,2.628485992862996,8.090532956246266,0.6060030471812254,2.1632806699231706,True,10.889848734752588,8.70586371228392,0,34,34,171.31635000499338,164.26362895576105,5.133238404867533,499.99999999996106,20816.710464507552,0.31970827774365823,0.08139580385467474
IC4202,4,242.6,6.556600890462001,92.24368741930842,85.50909575933547,3.167003546642054,67070145.92413735,35.204083903639905,8.26571726374811,0.3936055839880052,2,92.24368741930842,85.50909575933547,3.167003546642054,35450443668.75453,48.5365603907143,31.700081240781927,1.3208367183659135,5.412335439466192,1.4333801250513392,11875372266.073677,26110026482.548042,35.204083903639905,8.26571726374811,0.3936055839880052,3.877137327004502,6.294970801715148,0.12137052932873083,0.8725653563140227,False,12.578016886240198,10.9536364872814,3,32,29,135.25665065677342,128.52205899680047,4.760076259140758,24.41568680676633,5943654.825117352,0.09666477221337824,0.06431360754929925
NGC0024,5,106.3,1.547108646470732,27.882619421423698,21.14802776145075,0.7832602874611388,384963086.2111849,19.958181207337752,3.1217020574053826,0.1300709190585576,1,27.882619421423698,21.14802776145075,0.7832602874611388,12243921609.712854,19.958181207337752,3.1217020574053826,0.1300709190585576,9.442689065799032,1.751080003053968,1014006049.7685438,3779362835.5778704,27.550658028642165,0.6122913887503724,0.02915673279763678,0.7396223402344417,1.940691896964855,0.21207600189218404,0.547779392041172,True,11.502944290218425,9.28880794748348,0,29,29,31.877065443133276,25.142473783160327,0.9312027327096417,4.259937919065017,47513536.95640372,0.14761197084749972,0.12416049766336855
NGC0055,9,85.6,6.798098936105254,15.264844191214316,9.175799315767469,0.48293680609302464,11695677.523069194,15.264844191214316,9.175799315767469,0.48293680609302464,0,15.264844191214316,9.175799315767469,0.48293680609302464,4232704760.29593,16.931167848802996,1.7085556601858813,0.10678472876161758,5.669093131669075,1.8993977449673656,3972254629.5975733,2058459306.833289,25.15337768175676,0.7971981799693728,0.06132293692072099,4.605792307111529,7.113073856314133,1.5295248923533582,0.5409880714363562,True,11.220765790679994,9.364363354615731,0,21,21,59.12498200702029,53.03593713157345,2.791365112188076,345.1443897571137,54130.486749820775,1.0,0.17301097731155043
NGC0100,6,88.1,4.737039354047202,7.7144656778696366,1.625420802422791,0.08554846328541005,27482929.52217859,7.7144656778696366,1.625420802422791,0.08554846328541005,0,7.7144656778696366,1.625420802422791,0.08554846328541005,331084323.9285259,16.360456157909667,1.137843969292554,0.07111524808078462,3.425067765775371,0.04735821055894055,425356594.7979471,2128204683.6864552,24.466734838021527,0.11055533623414193,0.008504256633395534,1.5073720903442491,3.453303863788563,0.41626954924633375,0.7394922418654045,True,11.258272221884678,9.208441356438568,0,21,21,20.465894133054647,14.376849257607802,0.7566762767162001,462.4421818651055,64863.0128755336,1.0,0.11305820721203337
NGC0247,7,104.9,3.156103749381639,99.4889234467296,92.97273037068663,3.8738637654452766,50929873.87860606,17.655969907945718,1.365487217838307,0.0650232008494432,1,99.4889234467296,92.97273037068663,3.8738637654452766,1917099817.968109,17.655969907945718,1.365487217838307,0.0650232008494432,2.0444986303785564,0.7561132383000448,2225051393.2509756,6415111017.577775,26.47093920763721,0.4061669034653512,0.02256482797029729,2.1472350539042204,7.971697415465787,0.7792563215824073,2.5972123603088035,True,11.485670961229207,9.564192460626195,0,26,26,46.45510102912483,39.938907953081866,1.6641211647117444,22.15703508263592,1965438.4624311414,0.01468696479488174,0.03418939795355471
NGC0289,4,163.0,9.854168204897986,74.18837266490654,67.52396364455613,2.5970755247906205,20135544.19215617,54.6576144849754,37.99659193409938,1.6520257362651904,1,74.18837266490654,67.52396364455613,2.5970755247906205,38225125710.56245,54.6576144849754,37.99659193409938,1.6520257362651904,7.939085794442031,1.940752654669335,2300724877.8729596,25910414879.55944,68.31730103978455,41.659664958382926,2.082983247919146,1.074877507758609,5.999999986090679,0.011335697756826399,2.323514635810949,True,12.059907309860408,10.556694395304326,0,28,28,57.43184581419879,50.76743679384838,1.9525937228403225,19.461023215557262,5045026.22038749,0.5627127005474998,0.748444166846405
NGC0300,7,93.3,3.7878764309626924,19.85482505399036,13.417073404253959,0.5833510175762591,45866159.05511878,19.85482505399036,13.417073404253959,0.5833510175762591,0,19.85482505399036,13.417073404253959,0.5833510175762591,3429670486.240199,21.664351926403487,5.569972802062485,0.27849864010312425,9.017187120342905,0.2475031060342278,1446343858.9792309,7541978305.192272,27.766473240313672,2.015466641368066,0.11855686125694508,3.2425474513713555,8.616114304320355,0.08334797493497603,1.0311201402276273,True,11.332989427888034,9.164650215934296,0,25,25,21.325317748836078,14.887566099099676,0.6472854825695511,20.195605011673123,2447105.803157016,1.0,0.901226789855553
NGC0801,5,220.1,12.671138210535645,134.4566422913399,129.66085174574317,14.406761305082576,13721604.653364351,20.388305564644217,8.398829200652363,1.399804866775394,1,134.4566422913399,129.66085174574317,14.406761305082576,26872996384.84481,20.388305564644217,8.398829200652363,1.399804866775394,3.0817331240052743,1.2326932496021097,11088934668.271606,19418914647.703564,22.076613425297587,2.893451242910623,0.9644837476368743,1.7700492689730518,4.558701299041519,0.7063991707246262,0.8988451535939495,False,12.45120462430858,11.193917297086106,2,13,11,72.80443722467805,68.00864667908131,7.556516297675701,21.416934012070584,4752044.780835701,0.06477536656262248,0.12349649067837941
NGC0891,3,216.1,12.00881272493963,38.14313475727621,32.86502009804569,2.738751674837141,17976546.83793766,15.629199183330716,2.433912535254423,0.2704347261393803,1,38.14313475727621,32.86502009804569,2.738751674837141,36945095194.72296,15.629199183330716,2.433912535254423,0.2704347261393803,8.75943192509635,1.6229886800853421,13436781.942383794,11576682379.951496,32.48479552369288,11.37233688677081,1.8953894811284684,0.22149921783434867,8.825501073418655,0.08859580508961033,0.09545226931687263,False,12.427308797298258,10.83991777567868,4,18,14,53.307894190593224,48.029779531362706,4.002481627613559,499.9999999131606,110664.81640523423,0.07405784411490912,0.050675071986643526
NGC1003,6,109.8,9.336391396690544,195.68970369892273,188.5226658220105,5.544784288882662,10372132.666291377,48.4242917647378,30.50669707245725,0.9840870023373306,1,195.68970369892273,188.5226658220105,5.544784288882662,9589294524.085436,48.4242917647378,30.50669707245725,0.9840870023373306,5.234523086185244,1.8826450330188074,5329463450.455037,4140197106.8191285,53.56126117238361,24.893109664734734,0.8890396308833833,6.286289775730089,3.7180433710046636,0.6961578098438428,1.4872173484018654,True,11.545151516990751,9.532754378992498,0,36,36,94.46496488263327,87.29792700572105,2.5675860884035604,29.669309647096796,1209813.3754235003,0.1618197840532314,0.349454999893159
NGC1090,4,164.4,7.163803192076718,43.93781694258461,37.75573203586798,1.8877866017933989,28768147.072879247,24.336478364135885,8.881266097344305,0.5224274174908414,1,43.93781694258461,37.75573203586798,1.8877866017933989,18166496635.7483,24.336478364135885,8.881266097344305,0.5224274174908414,4.657117675873941,1.0381282683649993,9685392647.3857,10104734393.543947,33.170606801271504,8.442267174404972,0.6030190838860694,3.8499953803654807,5.9533549762923,0.2855166514391138,1.321193027801235,False,12.071049936260628,10.556573850030665,2,24,22,46.82652507868579,40.64444017196916,2.032222008598458,19.10514443192363,4250289.085934852,0.23522960934533316,0.21851121727269746
NGC2403,6,131.2,3.705781476857178,1359.6138375716662,1351.0329186893694,19.028632657596752,81962139.25436457,85.48065232152473,51.15697679233761,0.7870304121898094,2,1359.6138375716662,1351.0329186893694,19.028632657596752,762374244.3073978,193.6297567083595,172.17745950261755,2.5320214632737876,0.803068275255969,0.3130970723613607,1332083982.7938464,8710670449.767372,85.48065232152473,51.15697679233761,0.7870304121898094,1.0144162212380656,4.3973719715666,0.39891162041911715,1.1790007676529866,True,11.77714600176746,9.70074697141346,0,73,73,355.9876675100195,347.4067486277227,4.893052797573559,14.055840390492559,6810494.727896956,0.037865085361476425,0.14725383716468002
NGC2683,3,154.0,3.9724783829448747,11.021381341119248,6.225590795522508,0.691732310613612,112155433.73828346,11.021381341119248,6.225590795522508,0.691732310613612,0,11.021381341119248,6.225590795522508,0.691732310613612,3439664150.083477,17.856841624235607,5.867365260243751,0.9778942100406253,7.974000551403224,0.07984111403618153,19202316544.417477,21155688558.48474,24.377027110128132,5.193864927741167,1.7312883092470557,3.6493855719054262,8.372411804099427,1.4597161835548649,0.6033553258306843,True,11.985906659157925,10.604307070617006,0,11,11,12.43360402471577,7.637813479119028,0.8486459421243365,6.7807749702310725,36882453.05596119,1.0,0.8151011821043564
NGC2841,3,284.8,6.0484655032770345,343.5196292170466,335.6955832061903,6.993657983462298,169084788.14057884,133.34203720379665,102.0458531603715,2.4296631704850356,2,343.5196292170466,335.6955832061903,6.993657983462298,49999999999.98479,170.14871352732237,150.58859850018163,3.3464133000040364,3.8302365750121226,1.2848276645066143,49999999997.400024,49999999998.46066,133.34203720379665,102.0458531603715,2.4296631704850356,7.402851627049986,3.655566238242432,1.8929365601520343,1.2239554112772724,True,12.78696445154299,10.97340728300738,0,50,50,168.1544235055334,160.33037749467712,3.3402161978057734,11.470170812281529,43548934.63877465,0.3039833059039478,0.6364723563615345
NGC2903,4,184.6,6.765686911744841,59.02766407826883,52.29307241829588,1.9367804599368843,45333489.948091865,37.93372831652755,21.09724916659518,0.8790520486081325,1,59.02766407826883,52.29307241829588,1.9367804599368843,19598160994.566124,37.93372831652755,21.09724916659518,0.8790520486081325,7.031294428481582,2.1068196512970347,10794508108.0764,3943042392.306047,46.48340662878729,19.545039988895496,0.9307161899474046,6.183364342863513,8.985227771785768,1.2645839185290353,0.4778246220776876,False,12.222039586718214,10.612057660349793,5,34,29,164.84610022936334,158.1115085693904,5.855981798866311,18.39379531873576,6827965.317793906,0.40344252481163917,0.133432723256424
NGC2976,5,85.4,3.3148266973941665,12.067090959510526,5.710983298814634,0.25959014994611973,83707766.50453162,12.067090959510526,5.710983298814634,0.25959014994611973,0,12.067090959510526,5.710983298814634,0.25959014994611973,101075893.31597082,20.01738691842467,4.1271177666849415,0.21721672456236535,1.159833615456679,0.011598446652725091,1455566139.3608289,549406876.4640054,30.156877671557705,4.732447028774139,0.2957779392983837,1.4681289210601303,1.9482840457731114,0.48198967449363145,0.01948534695686722,False,11.21771810871555,9.226728756856993,3,27,24,39.02724912622004,32.67114146552415,1.4850518847965524,499.99999999913337,89780.11788829906,1.0,0.17480207432731065
NGC2998,5,209.9,9.835266954168961,66.2497740286352,61.11987531371212,5.556352301246556,26182816.225747526,19.354809467576082,6.5300626802684,0.81625783503355,1,66.2497740286352,61.11987531371212,5.556352301246556,17442252635.864376,19.354809467576082,6.5300626802684,0.81625783503355,2.1507447947796448,0.8602979179118578,13611512818.63134,2449443798.705013,23.798785565253333,3.279190705561037,0.6558381411122074,2.3855818097646777,0.4442066150482797,0.5672390782842637,0.1485474532805969,True,12.389381812395737,10.877665000130216,0,13,13,32.144814533475106,27.01491581855203,2.4559014380501845,17.210709298745957,8510254.259274911,0.10684024872026192,0.2417206377442787
NGC3109,9,66.2,4.6819461467899,9.864807034245707,3.427055384509307,0.14900240802214376,21153866.804470573,9.864807034245707,3.427055384509307,0.14900240802214376,0,9.864807034245707,3.427055384509307,0.14900240802214376,359268172.72232157,18.403720382436674,2.309341258095672,0.11546706290478359,2.2191852494021913,0.726292830914297,142744370.44402042,3581172.129326199,26.91177197494826,1.1607653760026562,0.06828031623545036,1.7587169558126619,0.2739176201500926,0.3046222246170937,0.01679333137722705,True,10.885918464967634,7.986771734266245,0,25,25,158.94924056128653,152.51148891155012,6.630934300502179,499.99999999989745,42370.925165592525,1.0,0.022470801439076152
NGC3198,5,150.1,6.696269232646883,75.30719108070785,67.92943217247998,1.7876166361178942,34345557.705943584,43.98299262381188,14.471956990900392,0.45224865596563724,2,75.30719108070785,67.92943217247998,1.7876166361178942,2938036887.6469774,53.36709205320379,34.92269478263411,0.9977912795038317,2.7024593524232716,0.6671018498334409,4970481889.622948,31947487935.44635,43.98299262381188,14.471956990900392,0.45224865596563724,3.182812552864819,8.923057973226909,0.9432075822250765,3.380651937269471,False,11.952486573378346,10.281930588086734,3,43,40,58.32570275415799,50.94794384593011,1.3407353643665818,16.183444641012805,5793936.957600827,0.21304398591400808,0.28405379880814285
NGC3521,4,213.7,5.665716212311973,38.33459754975973,30.90745341635111,0.7924988055474643,71836502.73786022,20.803735231538496,2.2358748980169576,0.0621076360560266,1,38.33459754975973,30.90745341635111,0.7924988055474643,2745723692.463978,20.803735231538496,2.2358748980169576,0.0621076360560266,1.0837700188246233,0.4335080075298493,3745683642.7499104,16758387760.147058,30.932923573179167,1.2243470395447018,0.03710142544074854,1.262448682683042,6.210374282543752,0.5049794730732167,1.2862757111268595,True,12.412758063140744,10.627550187767522,0,41,41,20.173070131758653,12.745925998350037,0.32681861534230866,27.957256516728155,4274734.438841937,0.07234096151170133,0.17541878858439883
NGC3726,5,168.0,12.75952305283469,29.214183282389396,24.244369982813396,2.4244369982813394,9191219.288853958,18.010365007664035,5.585831758724035,0.797975965532005,1,29.214183282389396,24.244369982813396,2.4244369982813394,17698064637.38286,18.010365007664035,5.585831758724035,0.797975965532005,7.265234271032598,1.3441672950743637,6150505501.204333,11052515956.263567,24.94380590132086,5.064552703016857,1.2661381757542143,8.036429552177047,6.651388908511899,0.08529379632707362,1.58579214443122,True,12.099272341826122,10.545517407601492,0,12,12,25.395363638961236,20.425550339385236,2.0425550339385237,141.01767770992316,219466.8177252358,0.23039706796603823,0.2734727665062344
NGC3769,3,118.6,6.533191146732119,10.43777936208641,5.641988816489667,0.6268876462766297,22870875.745616954,10.43777936208641,5.641988816489667,0.6268876462766297,0,10.43777936208641,5.641988816489667,0.6268876462766297,15278608283.203136,12.54821417699409,0.5587378130022361,0.09312296883370602,6.086860035501274,1.6258392476012054,1833264707.0685003,13686005782.880207,19.72320174181611,0.5400395594291422,0.18001318647638073,8.570762860083821,5.816743536080415,0.3612309395491907,1.4586002849494466,False,11.645598563733266,9.970323626438503,1,12,11,13.020320345632772,8.22452980003603,0.9138366444484478,15.798957285473184,4042920.3899125285,1.0,0.6859953035205673
NGC3877,5,168.4,1.217018928306068,11.893078148195617,7.097287602598875,0.788587511399875,612510084.2649623,11.893078148195617,7.097287602598875,0.788587511399875,0,11.893078148195617,7.097287602598875,0.788587511399875,12669440790.713266,13.526834414324446,1.5373580503325932,0.25622634172209885,2.988668571439289,0.8483016356814335,6287943843.046056,6235713349.555696,20.57848749383326,1.3953253114462947,0.4651084371487649,2.3762327185476844,3.5632323148334883,0.5319143348719391,0.3624210294387031,False,12.102370758139427,10.559517619720909,2,13,11,12.563193488224048,7.767402942627307,0.863044771403034,1.5525812284933724,374814434.4476771,1.0,0.913727233545352
NGC3893,5,174.0,5.128264918629717,7.431992330958594,2.826822144970502,0.3533527681213128,69404693.34306891,7.431992330958594,2.826822144970502,0.3533527681213128,0,7.431992330958594,2.826822144970502,0.3533527681213128,8215685483.343805,12.735583556021489,1.2226580910512583,0.24453161821025166,3.8162642118416086,0.6337421431311963,18860639307.496395,45096068320.35536,18.75606789247306,0.3353871485206919,0.16769357426034595,4.173711808288052,10.557883951036503,1.128346806394618,2.8263188066800637,True,12.144992241496334,10.466311426704682,0,10,10,13.475097677815441,8.86992749182735,1.1087409364784186,17.464296469052815,7212881.801746195,1.0,0.31869732278816304
NGC3917,6,135.9,4.610238390512981,14.467315170018843,8.922137725539281,0.6372955518242344,52879380.324358836,14.467315170018843,8.922137725539281,0.6372955518242344,0,14.467315170018843,8.922137725539281,0.6372955518242344,2468586035.716524,15.630318473489616,1.76737486229071,0.1606704420264282,2.6662545651211498,0.07639625287048517,3397252337.54309,17605078528.370327,22.640634590453484,0.4599248125352354,0.05749060156690443,2.6799493453563645,6.251964535186385,0.12097792924569203,2.349993247861524,False,11.823002866846018,10.040720983601194,1,17,16,34.78992929394991,29.24475184947035,2.0889108463907395,20.121441380168374,3842167.2576087667,1.0,0.30508508916278837
NGC3949,4,163.0,11.56892908843688,5.9818357480093844,2.090015449898758,0.4180030899797516,25643235.577854026,5.9818357480093844,2.090015449898758,0.4180030899797516,0,5.9818357480093844,2.090015449898758,0.4180030899797516,18361045665.35071,10.350522960050673,0.6209722147741085,0.31048610738705423,5.588831966407884,1.0342715412240397,2013932884.1154354,20178199909.013042,15.921147990759602,0.3538667983170961,0.3538667983170961,1.7535946128537816,5.414603186615071,0.0995871293463576,1.0738447064492251,True,12.059907309860408,10.279518656438448,0,7,7,6.6548286452679815,2.7630083471573554,0.552601669431471,499.99999999999994,105934.10008516321,1.0,0.7564274831268651
NGC3953,4,220.8,3.404674631221639,5.262346993139207,1.1034639097795353,0.18391065162992257,152752492.0114446,5.262346993139207,1.1034639097795353,0.18391065162992257,0,5.262346993139207,1.1034639097795353,0.18391065162992257,28409614313.918453,10.728305429872586,0.3310977214734076,0.11036590715780253,4.473547666259094,1.7894190665036376,19964024962.9437,7281601055.365439,16.833112094308735,0.1975797608700474,0.1975797608700474,5.158653505434335,2.165566037876855,1.1276627951299034,0.1958537516662305,True,12.455341703820018,10.849115239736914,0,8,8,5.761566966252833,1.602683882893161,0.26711398048219354,7.17419011209797,34727263.077784255,1.0,0.6885100184495304
NGC3972,4,132.7,3.895629850285015,10.895041012659231,6.28987082667114,0.7862338533338925,68902651.00749058,10.895041012659231,6.28987082667114,0.7862338533338925,0,10.895041012659231,6.28987082667114,0.7862338533338925,2255004934.460105,12.963648881203715,1.4507234162334848,0.29014468324669695,1.8498084247496756,0.4487256679541994,1397326185.7762177,4613889917.589263,19.02184635903167,0.6011656150793024,0.3005828075396512,1.7451715181944218,7.03793323715517,0.09691674528533743,0.3345067729547543,True,11.79195726524184,9.855912689188244,0,10,10,13.766507943765813,9.161337757777721,1.1451672197222151,57.61533996874065,1157783.4616487585,1.0,0.68656685224068
NGC3992,4,241.0,6.802959881289417,9.363774431708558,4.969325277036119,0.7099036110051599,83956408.44547503,9.363774431708558,4.969325277036119,0.7099036110051599,0,9.363774431708558,4.969325277036119,0.7099036110051599,37533056812.07941,13.71939745439174,2.733274567710641,0.6833186419276602,1.584375766086282,0.09419740192496406,18757500444.2022,18775535834.490997,20.311071186400486,2.733274567710731,2.733274567710731,0.25900000000000034,1.7356502546136356,0.031659134545381766,0.0888205359769537,True,12.56939562437314,11.054865745013934,0,9,9,7.300596085750231,2.906146931077791,0.41516384729682726,11.506678831043951,28426574.279345635,1.0,1.7099360062958568
NGC4010,7,125.8,6.878653595167901,19.569771938830495,14.599958639254494,1.4599958639254493,24253346.67138931,13.55159950497328,1.1270662560332794,0.16100946514761133,1,19.569771938830495,14.599958639254494,1.4599958639254493,22534580024.794346,13.55159950497328,1.1270662560332794,0.16100946514761133,6.1638705749206695,1.7089812210088469,1957954422.7928166,20443262864.125134,20.748712212548572,0.8694590142445694,0.21736475356114235,6.184282922225151,6.089047032404268,0.06670331710218089,1.7609477471754837,True,11.722386419976283,9.93432166751343,0,12,12,27.411361510254668,22.44154821067867,2.244154821067867,499.99999999999994,80494.80010164353,0.07719653759860445,0.050222303980657274
NGC4013,3,172.9,11.009718553621694,68.60261898611537,61.435581109203156,1.806928856153034,15899311.532572253,42.44714304083661,24.52954834855606,0.7912757531792277,1,68.60261898611537,61.435581109203156,1.806928856153034,12277191031.728827,42.44714304083661,24.52954834855606,0.7912757531792277,0.22128337732710035,0.0026443345395160502,5996246730.540026,6280936538.201781,53.19769985620425,24.529548348555373,0.8760552981626919,2.4702720914469785,0.317426608913836,0.39691837634853544,0.0031745613359030786,True,12.136729476470302,10.597113543892805,0,36,36,40.96002424186392,33.7929863649517,0.9939113636750501,47.12437922073555,1216259.659962957,0.39927266749465956,0.7258769048596666
NGC4051,4,157.0,2.895883171321672,6.989133044626133,3.097312746515507,0.6194625493031014,73617867.01300985,6.989133044626133,3.097312746515507,0.6194625493031014,0,6.989133044626133,3.097312746515507,0.6194625493031014,11426398206.911697,10.486008635780562,0.7564578905039968,0.3782289452519984,4.213323481918284,1.0933218950141383,4159787826.6709766,7409459507.151784,16.30843854175333,0.7411573493108239,0.7411573493108239,5.246324431298492,3.5654193535508045,0.07475637563778303,0.2572968797138692,True,12.011043453876235,10.677917052328027,0,7,7,7.854159903633765,3.962339605523139,0.7924679211046277,6.290350944328881,15836713.824624129,1.0,0.7816878548719388
NGC4085,5,131.5,6.09585682973553,4.482758427372581,1.2638826025043806,0.4212942008347935,27930684.413429018,4.482758427372581,1.2638826025043806,0.4212942008347935,0,4.482758427372581,1.2638826025043806,0.4212942008347935,1850559106.331308,8.6110958731502,0.5639063109796976,0.5639063109796976,2.720388658409465,0.027814977255430265,1604576235.4435482,39248017791.394135,13.887536306985139,1.0120330075123363,1.0120330075123363,5.620645134913045,8.380044463460164,2.220789238163519,1.3321833156361162,False,11.780121755125863,10.03590979845661,2,7,5,4.583685484210935,1.3648096593427346,0.45493655311424486,499.99999999993867,84418.47204956152,1.0,0.9260504524220919
NGC4088,4,171.7,199.99999999999997,6.087889309151591,1.6934401544791517,0.24192002206845026,1960409.2286907334,6.087889309151591,1.6934401544791517,0.24192002206845026,0,6.087889309151591,1.6934401544791517,0.24192002206845026,357090536.47248524,12.640966235547019,1.6548433488659215,0.4137108372164804,0.34097532416745757,0.003695438130500402,189293884.77224818,167796137.9745231,19.232639967555205,1.6548433488654481,1.6548433488654481,1.027580835546366,1.4769555301171429,0.2594163956663631,0.11207733553818591,False,12.127655382131284,10.729513057900906,3,12,9,14.148254930645365,9.753805775972925,1.3934008251389893,499.99999999999994,42239.39480811368,1.0,0.17361840017879934
NGC4100,4,158.2,3.7370849069448067,19.852981940420243,13.496874279724352,0.613494285442016,128980625.71041389,19.852981940420243,13.496874279724352,0.613494285442016,0,19.852981940420243,13.496874279724352,0.613494285442016,10003509049.949934,23.351754213816882,7.461485062077152,0.3927097401093238,9.65928528191646,0.12221957690994618,13543556357.52772,21179927056.17491,29.221334234768623,3.7969035919850564,0.23730647449906603,3.380017975618386,9.64473073197736,0.8526952910529505,1.4128568735718035,True,12.020963934133508,10.472712578972017,0,24,24,25.23196032003103,18.875852659335138,0.8579933026970518,7.107611921964144,35015928.3905007,1.0,0.7150338860612695
NGC4157,3,184.7,15.855288177518501,8.970242295275966,3.554141893071545,0.2733955302362727,8884756.266513513,8.970242295275966,3.554141893071545,0.2733955302362727,0,8.970242295275966,3.554141893071545,0.2733955302362727,5976319198.153401,14.259299755980718,0.7190487504696684,0.07190487504696684,0.795770397595873,0.085587567479425,2993294668.688108,3152726502.8058996,22.379622493212135,0.7152208843944561,0.10217441205635087,2.000000015279107,4.5349251801592105,0.5000000030215558,0.5675633365974034,False,12.22274518296926,10.722716167488494,2,17,15,6.928994007792607,1.5128936055881865,0.11637643119909127,212.77824683742068,178227.4310884739,1.0,2.349234526435689
NGC4183,6,110.6,3.436069326138445,14.338471720427632,8.067483288569333,0.38416587088425397,64879272.25317342,14.338471720427632,8.067483288569333,0.38416587088425397,0,14.338471720427632,8.067483288569333,0.38416587088425397,6655425798.51253,18.97990322388846,3.3024321442427103,0.18346845245792834,3.316773428060139,1.3267093712240554,3552748484.439836,10849065639.959969,26.30374647705435,1.2197927496211531,0.08131951664141021,2.743525653473571,5.92481172633916,1.0974102613894283,2.3437506270724544,True,11.554609877554572,9.73391915101239,0,23,23,9.82650098208013,3.555512550221832,0.16931012143913485,8.434309945450533,10816699.446528846,1.0,2.2690071191187315
NGC4217,3,181.3,15.395859625808223,10.264936690629037,5.469146145032296,0.6076829050035885,9356679.91970346,10.264936690629037,5.469146145032296,0.6076829050035885,0,10.264936690629037,5.469146145032296,0.6076829050035885,21519136267.458702,12.244384883996089,0.2549085200042353,0.04248475333403922,9.327549554094109,0.9134129191135779,8339319839.772381,6179827380.588189,19.918271040424873,0.7351088580379085,0.24503628601263616,9.420544319356122,9.331772067192825,0.7442397514213167,0.5594366465416621,False,12.19853790893506,10.62991394409642,8,19,11,11.827946600102361,7.032156054505619,0.7813506727228465,499.9999999999694,73673.38014198538,1.0,0.7777338987703669
NGC4559,6,121.2,7.0082258549986385,14.306397016068782,7.37492521046933,0.24583084034897768,18051502.52404454,14.306397016068782,7.37492521046933,0.24583084034897768,0,14.306397016068782,7.37492521046933,0.24583084034897768,28223920522.693203,18.486858935652528,1.1581794216538963,0.04289553413532949,11.757653605986752,3.6357605809363562,1752162276.9118147,18567442861.615463,28.440919546100393,0.7150323237025802,0.029793013487607507,2.4307492587559665,10.912995995928524,0.849528088929873,3.353707248001734,True,11.673852356139337,9.98625654359883,0,32,32,18.643337378820043,11.711865573220589,0.390395519107353,25.54228941421366,1749285.297492896,1.0,0.6296968800028103
NGC5005,4,262.2,11.57544586303026,5.474463454689858,0.344564739766785,0.03132406725152591,31530823.501406174,5.474463454689858,0.344564739766785,0.03132406725152591,0,5.474463454689858,0.344564739766785,0.03132406725152591,9717262576.905174,12.92361346471078,0.098866677403097,0.012358334675387125,4.32999119874566,0.8922661494182202,3714856937.5901484,10657618618.086216,20.53505493993158,0.01546008023928742,0.003092016047857484,3.372772359538306,5.473620664050128,0.05426082346277233,1.1222506795578038,False,12.679242558710731,10.951143160107552,5,18,13,6.784246603704817,1.654347888781744,0.15039526261652217,499.9999999993096,171175.44232010594,1.0,0.2082782842129543
NGC5033,5,194.2,7.330155046448135,50.53150768959814,44.54004314249016,2.4744468412494536,50744914.102036096,50.53150768959814,44.54004314249016,2.4744468412494536,0,50.53150768959814,44.54004314249016,2.4744468412494536,29939126697.193424,53.80320782014033,38.82454645237038,2.5883030968246916,11.999999999999998,4.799999999999999,6118109853.426021,23820865130.485374,62.79040464138912,38.824546452957186,3.2353788710797655,11.999999999218565,11.999999999999998,4.799999999687426,4.799999999999999,False,12.288092173364491,10.742367653317965,2,22,20,87.27168202464146,81.28021747753348,4.515567637640749,12.5656566141721,16909767.423898425,1.0,0.5479813480420546
NGC5055,4,179.0,15.641145206126094,196.75998837897245,190.57790347225583,9.528895173612792,8183646.681664014,40.34502235827822,24.88981009148664,1.4641064759698024,1,196.75998837897245,190.57790347225583,9.528895173612792,37730226549.31439,40.34502235827822,24.88981009148664,1.4641064759698024,11.999999999999998,2.9104222196159415,13798097729.954882,11993897364.150085,59.53521730611201,34.80687767924548,2.4862055485175345,11.98028087671515,10.874084685471026,2.7882089141475723,1.7802639245448468,False,12.181903589588211,10.883439973667864,6,28,22,610.2914655944935,604.1093806877768,30.20546903438884,79.43868955231743,458897.4812215627,0.1306017625233771,0.04120083363570627
NGC5371,4,209.5,4.415269584590223,214.29508654429452,208.40620858596165,12.259188740350686,80374395.42118196,37.884411786328656,14.328899952997133,1.3026272684542848,2,214.29508654429452,208.40620858596165,12.259188740350686,25604323900.84805,49.133508401706344,34.41131350587414,2.457950964705296,3.0609987605392996,1.2243995042157199,11503068209.11057,22141401251.94363,37.884411786328656,14.328899952997133,1.3026272684542848,1.5187952850301867,6.008631148872741,0.6075181140120747,2.4034524595490523,True,12.386896578555476,11.230950624806642,0,19,19,155.81060141239365,149.92172345406078,8.8189249090624,8.913641148932788,18686984.691142257,0.0687546693076894,0.09557587534929729
NGC5585,7,90.3,4.483990376163463,120.1363768267999,113.780269166104,5.171830416641091,30063114.47920072,84.3576791534133,58.93324851062973,3.683328031914358,2,120.1363768267999,113.780269166104,5.171830416641091,3809571036.1209445,86.19641664834927,70.30614749660954,3.7003235524531335,3.6472228797367854,1.2140980098860958,4382524242.282117,6107408299.9204645,84.3576791534133,58.93324851062973,3.683328031914358,3.2153617874052793,6.423384543609022,1.0571657009497926,1.0676602319320603,True,11.290407747589052,9.16776026643563,0,24,24,162.0831561540205,155.7270484933246,7.078502204242027,157.3738329493612,180466.38389974122,0.5179566628076354,0.37843938532718013
NGC5907,5,215.0,7.443288924833738,177.33574710426632,171.44686914593345,10.085109949760792,49664025.7852989,73.61576486865437,58.89356997282216,4.206683569487297,1,177.33574710426632,171.44686914593345,10.085109949760792,33808466053.56658,73.61576486865437,58.89356997282216,4.206683569487297,2.1646452531970946,0.3218642111645661,28335389264.429188,21374170729.545204,74.28961273852771,50.734100905196186,4.612190991381471,5.999912068827623,0.5560275055426529,2.399964827530483,0.01797729264592149,True,12.42065987639535,10.943061489536872,0,19,19,102.95715188016918,97.0682739218363,5.709898465990371,13.29223285575206,15157933.210406765,0.34350915981261043,0.6067231608573352
NGC5985,3,293.6,4.242461338162654,118.89266052456787,111.89964540163491,3.6096659806979003,310377223.0274871,84.42654221497406,56.45448172324222,2.258179268929689,2,118.89266052456787,111.89964540163491,3.6096659806979003,49999999999.99999,85.32822982153432,67.84569201420192,2.4230604290786397,4.172651108980508,1.6690604435901384,24680157081.93731,37544568775.17232,84.42654221497406,56.45448172324222,2.258179268929689,0.4853388250951817,5.444857022575099,0.016530920702492544,0.9977475445505901,True,12.826612650380634,11.018550716122284,0,33,33,88.49099672872195,81.497981605789,2.6289671485738384,7.965029675054545,84110331.43257642,0.5045099251263345,0.6927101826437395
NGC6015,6,154.1,3.000356773571081,669.3586600836322,661.7902808157957,15.756911447995135,166194728.66679484,61.04634906196328,30.77283199061719,0.8548008886282552,2,669.3586600836322,661.7902808157957,15.756911447995135,9376190508.488094,167.75410322262397,148.83315505303267,3.8162347449495555,2.253991177957925,0.825030066594753,2401615249.3734236,6980463624.590323,61.04634906196328,30.77283199061719,0.8548008886282552,1.0157953164391376,2.680489852179856,0.29729861520897277,0.4568140374872872,True,11.986752412803792,10.20586721288659,0,44,44,355.46527884229624,347.8968995744597,8.283259513677612,7.817785508450332,24736733.876959972,0.04649937130035092,0.0884538839761374
NGC6195,3,251.7,23.091938544987933,37.93657845526571,31.945113908157726,1.774728550453207,5685976.660105834,21.225757449888988,6.2470960821190324,0.41647307214126883,1,37.93657845526571,31.945113908157726,1.774728550453207,4213889360.308344,21.225757449888988,6.2470960821190324,0.41647307214126883,2.302463488156516,0.07049895736119782,4294092111.7628284,5749496636.572716,29.49647740470514,5.5306192162732115,0.4608849346894343,2.2587896471473052,8.35554356838341,0.15489067814938304,0.1460700671495476,False,12.625994143293624,11.29123116882462,3,23,20,23.967959153047026,17.976494605939045,0.9986941447743914,499.99999999999994,66543.98653650838,0.195557170341588,0.3475146973345475
NGC6503,6,116.3,4.502265851842735,80.72600555697693,73.85803114800663,2.546828660276091,45670002.34893084,38.12289990149509,20.95296387906936,0.8058832261180524,1,80.72600555697693,73.85803114800663,2.546828660276091,4620017006.586706,38.12289990149509,20.95296387906936,0.8058832261180524,3.2011296702846916,0.6542844420434849,6189727138.700165,22220985034.153484,38.63008683105835,11.158189195177178,0.48513866065987726,3.3818415539338633,8.800951180768557,0.7164999287398742,3.5203804723074223,True,11.62008364083388,9.807704112938383,0,31,31,63.071622802664415,56.203648393694124,1.9380568411618664,10.054673267233335,9420508.80976614,0.2836924238757597,0.3728043370476323
NGC6674,3,241.3,10.95584262702054,282.37247004273723,276.95636964053284,21.304336126194833,33300736.642531417,114.43244021996824,92.76803861115056,13.25257694445008,2,282.37247004273723,276.95636964053284,21.304336126194833,49999999999.99999,168.8862426834667,155.34599167795565,15.534599167795566,3.04381878833445,0.5279976419566992,49999999998.68965,49999999998.68968,114.43244021996824,92.76803861115056,13.25257694445008,3.1170996321470037,3.116815630208147,0.4377018837761014,0.4390073351877345,True,12.571016462374892,11.030708990148176,0,15,15,182.28164262822511,176.8655422260207,13.6050417096939,19.261173269971348,10521148.038150793,0.33495542540348877,0.5245116569546378
NGC6946,6,158.9,6.345145121323888,71.23505723231536,63.22039086185041,1.19283756343114,32683758.160595324,50.00966864041415,17.951003158554382,0.3819362374160507,2,71.23505723231536,63.22039086185041,1.19283756343114,4718789358.359411,51.39713342246912,31.36046749630676,0.6272093499261352,4.139556053813257,0.36191829951960536,5380482123.829804,5730560031.442338,50.00966864041415,17.951003158554382,0.3819362374160507,4.249049278304342,11.06969149242133,0.42626052137576353,0.16251099120203846,False,12.026716188270672,10.519650828475031,3,58,55,109.22439657053114,101.2097302000662,1.9096175509446454,38.1812606228639,1642215.9925358016,0.2839432485917562,0.17736440086412403
NGC7331,3,239.0,23.2551071564545,18.878451593787766,12.214042573437359,0.46977086820912917,7273057.142712636,18.878451593787766,12.214042573437359,0.46977086820912917,0,18.878451593787766,12.214042573437359,0.46977086820912917,15174885390.393011,22.94263593628266,6.281613385406639,0.2731136254524626,9.597845843862105,1.095619944072053,5743402992.234387,5740370505.909791,33.72585985736153,7.068223775959899,0.35341118879799494,8.857912648220708,8.265648853626763,0.1314349453617337,0.2142205286118992,False,12.558538199492949,11.098004791250704,8,36,28,21.782530488067962,15.118121467717556,0.5814662102968291,499.9999999999589,89105.30124436862,1.0,0.8079074241808802
NGC7814,2,218.9,6.08373185275065,15.476508352417557,9.931330907937996,0.7093807791384282,74634046.06913996,14.506688973564202,0.643745362365296,0.058522305669572366,1,15.476508352417557,9.931330907937996,0.7093807791384282,35137245321.64706,14.506688973564202,0.643745362365296,0.058522305669572366,5.637714851284015,1.834829899594738,4662647389.906069,30581260039.17731,22.476992079391916,0.29628230147366635,0.037035287684208294,3.4840078083782045,5.999999999999999,0.4784165480632023,1.6625385366065473,False,12.44408178135233,10.571295298417532,2,18,16,19.13383544996367,13.588658005484108,0.9706184289631505,17.17607088893545,10676054.036530688,0.06481964686633872,0.04737372609609377
UGC00128,8,129.3,8.257130688783494,150.24451610521191,144.0624311984953,7.203121559924765,17939881.336496934,61.52987952335371,46.07466725656214,2.710274544503655,1,150.24451610521191,144.0624311984953,7.203121559924765,11461372557.270664,61.52987952335371,46.07466725656214,2.710274544503655,5.370226323672333,2.148090529468933,7804305036.14738,3680970042.315944,70.02753443523059,45.299194808364064,3.2356567720260045,4.087407077556858,8.241627364134219,1.3917388456523034,0.5362978939365228,True,11.758140071289716,9.77887447200274,0,22,22,56.63414425524764,50.45205934853101,2.5226029674265504,17.071583099910008,4192376.7991306307,0.31982430723439975,0.91323660226178
UGC01281,8,55.2,3.307517251855521,10.320522170416169,3.8827705206797685,0.16881610959477253,28422769.01329979,10.320522170416169,3.8827705206797685,0.16881610959477253,0,10.320522170416169,3.8827705206797685,0.16881610959477253,985354165.4956309,16.465902315493167,0.37152319115216514,0.018576159557608257,2.5669658827529527,0.7719331188979008,198035025.3343793,1216404973.8849912,25.994629358838875,0.24362275989326984,0.01433075058195705,1.2825979319997058,2.5846928914359824,0.43964746964456203,0.6302219571980947,True,10.64916172983613,8.246744709723842,0,25,25,28.108594284782296,21.670842635045894,0.9422105493498215,417.1717228425685,50774.98961707641,1.0,0.17917026052326118
UGC02259,8,86.2,1.5996568703829896,18.002811603105332,13.843928519745662,2.3073214199576104,203486442.4701315,11.370226178071832,0.9730184696726529,0.3243394898908843,1,18.002811603105332,13.843928519745662,2.3073214199576104,30957746657.075745,11.370226178071832,0.9730184696726529,0.3243394898908843,11.999999999999993,3.6936559794867883,19698952812.338146,1064039755.6795961,16.640114386161134,0.00458205272244617,0.00458205272244617,9.236411775877968,2.3509864344816016,3.6945647103511097,0.5396603780833326,True,11.229866294122672,8.935759103745312,0,8,8,8.395833767496544,4.236950684136872,0.7061584473561453,3.7118822713442023,38809726.908397704,0.07028485218518948,0.2296506478859031
UGC02885,5,289.5,18.07981860821555,81.14207327844903,75.25319532011615,4.426658548242126,16215113.58514762,26.386144488765716,11.663949592933516,0.8331392566381083,1,81.14207327844903,75.25319532011615,4.426658548242126,14762324943.74104,26.386144488765716,11.663949592933516,0.8331392566381083,0.245833341339742,0.09833333647715925,14470239967.021397,15728074894.930882,32.35624031590647,8.800728482574947,0.8000662256886315,0.8254474503489987,7.43119172975509,0.14662646604445842,1.2710485537908052,True,12.8082902008389,11.304840450521027,0,19,19,50.07581421370814,44.18693625537526,2.5992315444338385,43.36156748116595,2951103.368766069,0.15499607084213196,0.26396828070456274
UGC02916,2,182.7,9.84778869552034,97.18526116522354,90.25378935962408,3.008459645320803,22918577.021688893,34.426080870760316,17.097401356761686,0.6332370872874699,1,97.18526116522354,90.25378935962408,3.008459645320803,29262562480.66709,34.426080870760316,17.097401356761686,0.6332370872874699,7.79588141167662,1.3364901493993302,11964560370.05316,22321368715.563828,39.58779361330028,11.861906390902467,0.49424609962093613,6.759976320446279,8.93918792309489,0.6010293039928591,1.4323656439429757,False,12.208560138706147,10.792927222529496,11,43,32,160.7825028022646,153.85103099666514,5.128367699888838,38.06262636091435,1918152.245748368,0.18943693642197784,0.11112958584679415
UGC02953,2,264.9,6.560198421119699,1132.0427382526848,1122.7158600644607,10.795344808312121,108304655.54269873,255.35742966398232,218.04991691108577,2.2249991521539365,2,1132.0427382526848,1122.7158600644607,10.795344808312121,49999999999.99998,300.0300025963088,276.7128071257485,2.739730763621272,5.409071574850288,1.9603517046066246,49999999999.574196,1052292380.2779295,255.35742966398232,218.04991691108577,2.2249991521539365,5.581725862154334,0.20000000000000004,1.596009427281888,0.08000000000000002,False,12.692590371540229,11.113137489948498,9,115,106,605.9733158521063,596.6464376638822,5.736984977537329,14.368097983540197,22201670.612372056,0.19421647512716747,0.36545917841199466
UGC03205,2,219.6,4.583007942006561,341.1527068775145,333.4954240845363,7.579441456466734,131969710.8000182,59.09879940795786,39.955592425512386,0.9745266445246923,1,341.1527068775145,333.4954240845363,7.579441456466734,28303113223.471344,59.09879940795786,39.955592425512386,0.9745266445246923,3.232552678050332,1.0199424760804794,27798083324.783375,295255916.7109209,69.97463296488272,39.34550179296996,1.0354079419202622,3.2516404912982093,0.20353252982140665,0.9584930966217269,0.0053903495978396675,False,12.448241503982697,10.754508872657953,2,48,46,186.47708779539872,178.81980500242054,4.06408647732774,9.665845690857632,28421330.439484946,0.11980851771862458,0.2234405323558626
UGC04278,7,91.4,6.38081438112491,21.334232703547073,14.896481053810673,0.6476730892961162,23021821.73712196,16.980294949727938,0.8859158253869353,0.04429579126934676,1,21.334232703547073,14.896481053810673,0.6476730892961162,7282419895.480228,16.980294949727938,0.8859158253869353,0.04429579126934676,4.723313232563914,0.976408179137863,439662053.6820576,6813341119.997171,26.305008531439633,0.5540019324940293,0.03258834897023702,3.759066501049269,4.856017262687264,0.03767160142613496,0.9851923844593801,True,11.306183083850028,8.815245591916563,0,25,25,36.22874333495878,29.79099168522238,1.295260508053147,499.99999999181455,66144.40681826936,0.0594714833783049,0.029737708457230977
UGC04325,9,90.9,1.3598912390115743,6.630470599704017,2.471587516344346,0.4119312527240577,309717964.8227429,6.630470599704017,2.471587516344346,0.4119312527240577,0,6.630470599704017,2.471587516344346,0.4119312527240577,2156882198.775883,10.508356142291921,0.11114843389274154,0.03704947796424718,1.4873172412066118,0.565435948283853,1495135673.0626717,899214959.7461276,16.637118607650514,0.0015862742118270337,0.0015862742118270337,1.5695653603202682,4.344726752112546,0.5530356382700882,0.44754106644333863,True,11.299036146314435,9.00560944536028,0,8,8,21.367161155440037,17.208278072080365,2.8680463453467273,4.180996466512912,36204794.408070125,1.0,0.14362782295774162
UGC04499,8,72.8,3.0157201954813275,6.09703626558489,1.702587110912451,0.24322673013035015,37702725.706593014,6.09703626558489,1.702587110912451,0.24322673013035015,0,6.09703626558489,1.702587110912451,0.24322673013035015,484099396.41104835,11.502728407855946,0.5166055211748477,0.12915138029371193,1.8365380487518261,0.1218434731194024,1320198539.010752,3347580382.98229,17.625810914821415,0.04801429613165746,0.04801429613165746,1.9800135214485244,4.719108345969405,0.5752401649280962,1.2472990265765436,True,11.009738634587643,8.889861721258189,0,9,9,11.706595211252809,7.31214605658037,1.0445922937971956,14.611576447843927,2395335.892453556,1.0,0.23284369564530968
UGC05253,2,213.7,9.095506771915426,108.7893418150909,100.20842293279412,1.411386238490058,39012764.32691596,82.00004043610251,60.54774323036055,0.8904079886817728,1,108.7893418150909,100.20842293279412,1.411386238490058,45311003512.00889,82.00004043610251,60.54774323036055,0.8904079886817728,11.999999999999998,4.799999999999999,1013221973.3236535,28291454050.76142,91.39823984920385,57.07456432001672,0.8780702203079496,2.3310168413021604,11.986865842125491,0.7416423141731542,4.7941366677460024,True,12.412758063140744,10.933441730094035,0,73,73,440.2101034558715,431.6291845735747,6.079284289768658,28.41771024321679,4528562.694185814,0.6042181032124172,0.1402772226585612
UGC05716,9,73.1,3.176756421096815,30.44678972779566,25.47697642821966,2.547697642821966,37074584.083573036,19.329613488458648,6.9050802395186475,0.9864400342169496,1,30.44678972779566,25.47697642821966,2.547697642821966,383818001.4451619,19.329613488458648,6.9050802395186475,0.9864400342169496,1.0072003101601434,0.1295673398323776,846019860.3539108,6552952383.588399,22.16576738305078,2.2865141847467783,0.5716285461866946,1.8024896985695733,5.436586222445261,0.7209958794278293,2.174634488978104,True,11.015096627522116,8.468347330412158,0,12,12,17.80964923142201,12.83983593184601,1.2839835931846009,8.588541225589209,5533603.741414487,0.2710321713007597,0.5377857066220231
UGC05721,7,79.7,1.0180381905481086,14.518917651057956,8.247929219199657,0.3927585342476027,480354016.59642833,14.518917651057956,8.247929219199657,0.3927585342476027,0,14.518917651057956,8.247929219199657,0.3927585342476027,582399115.0218925,22.363672749456843,6.686201669811095,0.3714556483228386,1.3650944118881103,0.4901835630142211,258589011.2922406,1596991217.3184247,26.08496574468926,1.0010120172560628,0.06673413448373752,0.42976538029322714,1.3342252080678652,0.1517015693929009,0.27758700558384547,True,11.127719460836872,8.424064525417489,0,23,23,26.508526938846313,20.237538506988013,0.9636923098565721,2.5107753896650675,77659648.11476044,1.0,0.40755594937356887
UGC05986,9,113.0,3.3007454747617166,16.735909979304935,11.319809577100516,0.8707545828538859,91297952.76094882,15.71295896124205,2.1727079557309996,0.21727079557309997,1,16.735909979304935,11.319809577100516,0.8707545828538859,4202573400.332289,15.71295896124205,2.1727079557309996,0.21727079557309997,3.8129228911249613,1.0467145513079434,303828333.6255995,5363355878.795553,23.01364868122849,1.3492470724108099,0.19274958177297283,1.277234909328024,3.7254584425896966,0.07284977137354674,1.0780554359270442,True,11.582579827098794,9.370605600938148,0,15,15,80.95418388583741,75.53808348363299,5.810621806433307,22.329171207584885,3749633.132974098,0.19193856053252817,0.02876308023093762
UGC06399,9,85.0,3.484253485968203,4.724523006855009,0.3300738521825696,0.0471534074546528,45804276.82686186,4.724523006855009,0.3300738521825696,0.0471534074546528,0,4.724523006855009,0.3300738521825696,0.0471534074546528,245523105.40507966,11.22348950219889,0.2373666155177905,0.05934165387944763,3.9445714389775723,0.06293105933577828,1972226088.6127987,3058697554.3007298,17.58332925214728,0.005532633457524193,0.005532633457524193,2.148833337704111,4.206128421742171,0.7149319177411854,0.7919390947574996,True,11.211601273791413,9.059941888061957,0,9,9,9.000401143899694,4.605951989227256,0.6579931413181794,26.269259717583143,1707844.0168809243,1.0,0.07166246043262521
UGC06446,7,82.2,1.9559427760410233,12.410771151691153,6.74434446357872,0.44962296423858134,120532190.91265559,12.410771151691153,6.74434446357872,0.44962296423858134,0,12.410771151691153,6.74434446357872,0.44962296423858134,630854742.1637282,15.165131417408015,0.9990646971269341,0.08325539142724452,0.968347374409862,0.3106809717896145,733425438.8288494,650585480.0411972,23.054125899805193,0.38841914735546396,0.04315768303949599,1.0257228430382366,4.157147057588064,0.34096333453687155,0.26588375073317394,True,11.167959949268685,8.693726948923647,0,17,17,8.886744711982738,3.2203180238703055,0.21468786825802036,5.41778786712366,16939225.96311011,1.0,2.094310069249962
UGC06667,6,83.8,3.0951804936464526,5.053977557823272,0.6595284031508328,0.09421834330726184,60055514.2209283,5.053977557823272,0.6595284031508328,0.09421834330726184,0,5.053977557823272,0.6595284031508328,0.09421834330726184,561681461.2981848,11.218974708296614,0.23285182161551554,0.058212955403878885,3.8072608099912606,0.3964465408392914,121141491.44815393,711327087.8449835,17.64524737731242,0.067450758622664,0.067450758622664,0.9589961708956736,3.569440812821057,0.12218781794898487,0.30353733202373606,True,11.193076552539363,8.844166410450201,0,9,9,13.54165391978615,9.147204765113711,1.3067435378733874,20.061107368156673,2609036.868194601,1.0,0.07210163324059293
UGC06787,2,248.1,7.041693376425534,1795.4875297014764,1787.4728633310115,33.7259030817172,75771162.21711752,348.39808205414215,316.3394165722824,6.7306258845166465,2,1795.4875297014764,1787.4728633310115,33.7259030817172,49999999999.99999,807.2977310597121,787.2610651335498,15.745221302670995,5.979928890181258,1.945545891725456,30033120485.882763,43562667292.45865,348.39808205414215,316.3394165722824,6.7306258845166465,4.526474446629956,8.09167196545708,1.580170277121657,0.8769779892420831,False,12.607224789465162,10.691329084374113,16,71,55,1501.4212743797018,1493.4066080092368,28.1774831699856,20.552290578856883,9930227.933662312,0.17697578691224103,0.21182403698747115
UGC06818,9,71.2,20.83513394224521,11.422887322673226,7.264004239313554,1.2106673732189257,7671381.836309597,11.288679536688804,0.8914718282896243,0.29715727609654147,1,11.422887322673226,7.264004239313554,1.2106673732189257,3007238920.605478,11.288679536688804,0.8914718282896243,0.29715727609654147,4.052488477805321,0.620540461880335,5308171990.964175,9883752509.85085,17.00202921860438,0.36649688516569684,0.36649688516569684,4.231918153814688,7.11671873698576,0.878966816725509,0.1589107950775957,True,10.980784477559103,8.899820502427096,0,8,8,25.698457019393757,21.539573936034085,3.5899289893390143,499.9999999999764,38757.649891823654,0.12272457434219065,0.0413876259083407
UGC06917,9,108.7,3.652262665166753,6.556312986878013,1.7605224412812719,0.195613604586808,56228968.734049864,6.556312986878013,1.7605224412812719,0.195613604586808,0,6.556312986878013,1.7605224412812719,0.195613604586808,7198087134.915172,12.212417417050576,0.22294105305872153,0.03715684217645359,3.5681935285947834,1.384106072954913,1176062248.718512,3026262913.414582,19.23568586197641,0.05252367958944551,0.017507893196481838,3.5505477075436565,9.002688205321704,0.47545260369914266,0.4157246379652576,True,11.532033128907418,9.533517862016968,0,11,11,12.027196541590222,7.23140599599348,0.8034895551103867,17.708476427545527,3598511.8635304593,1.0,0.24345506838596526
UGC06930,7,107.2,3.689289726918375,6.010468665961978,1.4052984799738863,0.1756623099967358,51726143.91696869,6.010468665961978,1.4052984799738863,0.1756623099967358,0,6.010468665961978,1.4052984799738863,0.1756623099967358,3839017782.1698227,11.576148249894473,0.06322278492424285,0.01264455698484857,2.888988986510003,0.9166423723605784,5325786190.708795,11744569487.50053,18.44700968836659,0.026328944414225428,0.013164472207112714,3.0833417174754287,7.737358122804639,0.977413560658783,2.773191444864882,True,11.513928852718788,9.64991871873542,0,10,10,6.8242842540527135,2.2191140680646213,0.27738925850807766,9.988456832978788,7541573.020330442,1.0,0.633270051412681
UGC06983,6,109.0,3.1921395356935975,12.017767222342373,6.351340534229941,0.423422702281996,78748790.74962184,12.017767222342373,6.351340534229941,0.423422702281996,0,12.017767222342373,6.351340534229941,0.423422702281996,2080634048.230584,15.540199816259436,1.3741330959783562,0.11451109133152969,2.278765399756682,0.290374771258015,2032946596.2797422,3133110613.012424,23.284772873335434,0.6190661208857041,0.06878512454285601,2.5147840620638364,8.209305320213778,0.10979187444884286,1.0451782297329728,True,11.535623990470404,9.423081958297232,0,17,17,14.617745416115651,8.95131872800322,0.5967545818668812,8.451085135836912,12068549.870355781,1.0,0.7095424403066409
UGC07125,9,65.2,4.759320910416555,7.842293000217406,2.7123942852943324,0.24658129866312112,9598136.649243286,7.842293000217406,2.7123942852943324,0.24658129866312112,0,7.842293000217406,2.7123942852943324,0.24658129866312112,367022103.5110531,14.909932376866763,2.08518558955908,0.260648198694885,5.999999999999975,0.06000000000008677,464841428.2065277,597993469.4543455,22.233542138170407,1.7139472784781145,0.3427894556956229,6.226110336485713,10.047582227392384,0.06288736957654392,0.10102059915209204,True,10.866087283844294,9.132259689531043,0,13,13,14.517959042219342,9.388060327296268,0.8534600297542062,14.401846868347713,1193828.5485507902,1.0,0.288919562799134
UGC07151,6,73.5,1.5734537237516102,12.94683115889985,8.151040613303108,0.9056711792559009,123576781.24042875,12.615383338748861,0.6259069747570085,0.10431782912616809,1,12.94683115889985,8.151040613303108,0.9056711792559009,913610230.3206755,12.615383338748861,0.6259069747570085,0.10431782912616809,1.3127440438605529,0.3997557021661973,682416463.5176212,2907886807.607597,19.258018375522617,0.07485619313565242,0.024952064378550808,1.2698321104985824,5.99999999999999,0.2724821356595194,2.162997895896418,True,11.02220651390112,9.05766610390983,0,11,11,31.109653743085584,26.313863197488843,2.9237625774987603,7.217331004795052,8260626.752855295,0.076788597241864,0.023786206155268733
UGC07261,8,74.7,1.4913866829472762,5.754026311539008,1.8622060134283807,0.37244120268567615,153922409.00894353,5.754026311539008,1.8622060134283807,0.37244120268567615,0,5.754026311539008,1.8622060134283807,0.37244120268567615,3787897044.5251975,9.752633944339253,0.023083199062687756,0.011541599531343878,4.804205538148438,1.476250648674388,735238872.9767567,5702704047.173463,15.582368081060807,0.015086888618300221,0.015086888618300221,1.879222218461197,4.650409148650562,0.09284794102215797,1.6081428530628374,True,11.04330630209473,8.942751920429814,0,7,7,4.135449183595646,0.2436288854850192,0.04872577709700384,4.447726708346027,18842835.16720521,1.0,7.643617503405146
UGC07399,8,103.0,1.5284799482477989,11.688545608946711,7.083375422958619,0.8854219278698274,315072952.3993158,11.688545608946711,7.083375422958619,0.8854219278698274,0,11.688545608946711,7.083375422958619,0.8854219278698274,5774848881.38848,11.818483074045716,0.30555760907548546,0.06111152181509709,5.63794177216976,1.1443159452477807,2201269331.6014657,2118002354.5944614,18.47789676200236,0.057216018049992635,0.028608009024996318,1.3556148984924783,2.707784427536364,0.5422459593969913,1.0159948667774432,True,11.461856170764053,8.76192783842053,0,10,10,12.713403044384998,8.108232858396907,1.0135291072996133,5.854599103149597,27237801.260102786,1.0,0.8736028610257607
UGC07524,9,79.5,3.6000872037576017,13.626393236574307,6.7584188276040145,0.2330489250897936,31553758.97443482,13.626393236574307,6.7584188276040145,0.2330489250897936,0,13.626393236574307,6.7584188276040145,0.2330489250897936,2322918716.052614,22.27685580812269,5.10691978569696,0.1964199917575754,5.754305257099869,1.9182530070398465,69275964.7738766,523149344.0065804,29.635061525294958,2.163163889413787,0.09405060388755596,0.6616963079993162,3.6281643251601783,0.1817100909112718,0.326008757053039,True,11.124445882617945,9.085647288296856,0,31,31,30.26857678179384,23.400602372823545,0.8069173232008119,19.788745076687157,1653450.5066975204,1.0,0.2888138826482925
UGC07603,7,61.6,1.5347719742460764,7.004020754529488,2.034207454953488,0.2034207454953488,129718010.0026597,7.004020754529488,2.034207454953488,0.2034207454953488,0,7.004020754529488,2.034207454953488,0.2034207454953488,776386833.2499355,12.711726630444801,0.2871933815047998,0.041027625929257114,1.3359336513722384,0.4533774378499287,496598884.368843,1238007757.9891715,20.008777044778917,0.1295238464749125,0.032380961618728124,1.4693446594615596,4.080876073440968,0.40132724595469266,0.8350331598529204,True,10.79208663314181,8.27415784926368,0,12,12,20.116055526038263,15.146242226462261,1.514624222646226,9.493467793731952,5920315.273041364,1.0,0.13430443172231124
UGC08286,6,82.4,1.7864702257581546,24.24372589816143,18.577299210048995,1.2384866140032664,154726364.47215495,14.503919854021065,0.33785313373998543,0.028154427811665453,1,24.24372589816143,18.577299210048995,1.2384866140032664,1292459446.9820185,14.503919854021065,0.33785313373998543,0.028154427811665453,1.3456074696361182,0.4312207498173677,1237335881.1340835,218643581.80749565,22.894508086700725,0.22880133425099608,0.025422370472332898,1.3373327240202721,5.715709914794049,0.4259597603081222,0.05718884183606453,True,11.171126131739882,8.797613730153076,0,17,17,42.44671583045289,36.78028914234046,2.4520192761560304,5.05020854819794,20792786.48406394,0.018186342908081653,0.009185711739037369
UGC08490,9,78.6,1.4014739333078134,25.329385289589684,18.526990526265372,0.6616782330809061,245232919.52241558,18.099570418023593,1.0935835097128155,0.043743340388512617,1,25.329385289589684,18.526990526265372,0.6616782330809061,4772016702.991858,18.099570418023593,1.0935835097128155,0.043743340388512617,6.601883805736944,2.6407535222947773,758074440.86023,5188088261.046595,27.620208662748254,0.41062960945101035,0.018664982247773198,1.3723929006343676,6.144780357387476,0.548957160253747,2.455957548362283,True,11.109612134766758,8.706290957258764,0,30,30,9.950315642329922,3.1479208790056123,0.11242574567877187,3.186649664364089,45714850.72544893,0.05902650558181386,0.34739866462535246
UGC08550,7,56.9,1.3060817675626135,13.265960515531473,8.470169969934732,0.9411299966594147,130583136.97762643,12.880599085268603,0.8911227212767503,0.14852045354612506,1,13.265960515531473,8.470169969934732,0.9411299966594147,306348560.3499987,12.880599085268603,0.8911227212767503,0.14852045354612506,0.8089882990364866,0.2739659286636388,260312031.15564883,1025169201.0604489,19.439112032123763,0.25594984973679713,0.08531661657893237,0.829051615027124,3.61353145427129,0.2731281867965855,0.8414068157978256,True,10.688681295833748,8.159867847092567,0,11,11,11.668317645370797,6.8725270997740555,0.7636141221971173,4.41277035192579,13210495.63292211,0.10520718290658068,0.1296644899815742
UGC08699,2,182.4,3.8185638018329855,118.78673586234437,111.56490003705592,3.187568572487312,124603644.35626377,30.318599888637085,1.4312565874832892,0.04935367543045825,2,118.78673586234437,111.56490003705592,3.187568572487312,3804111691.373664,35.41755840218832,17.362968838967202,0.5425927762177251,1.6511322761579141,0.25366299281688115,5900297041.312622,23588940016.64336,30.318599888637085,1.4312565874832892,0.04935367543045825,1.7265160780419235,6.378471162636093,0.38570103280321244,1.363438087846578,False,12.206418998625727,10.400555257218906,4,41,37,31.744695126694232,24.522859301405784,0.7006531228973081,11.218842759255613,15953387.204688948,0.012828914712493821,0.05836418053425123
UGC09037,6,152.3,20.96699912069974,14.39900652741195,8.51012856907907,0.5005957981811218,4474451.360945748,14.39900652741195,8.51012856907907,0.5005957981811218,0,14.39900652741195,8.51012856907907,0.5005957981811218,12293468225.829037,20.292325451992486,5.570130556160284,0.39786646829716316,11.999999999999998,2.382093957459389,65080414.12791297,10635364495.732367,29.153812868889606,5.598301035558084,0.5089364577780077,11.895644237546078,11.999999958665212,3.291232316069665,2.2036967782405297,False,11.971444206656662,10.535382742526886,3,22,19,26.595998600231894,20.707120641899014,1.2180659201117068,499.9999999999584,46802.45609014735,1.0,0.4109759495899967
UGC09133,2,226.8,13.141313426264984,680.0240249339533,671.706258767234,10.833971915600548,21487368.110928282,303.0543773419,269.78331267502267,4.817559154911119,2,680.0240249339533,671.706258767234,10.833971915600548,49999999999.99999,373.94186889987805,353.1474534830797,5.985550059035249,7.536610672540251,2.037398015065307,49999999999.987274,49999999999.97015,303.0543773419,269.78331267502267,4.817559154911119,8.381791782835787,11.633433746601925,2.191060192465005,4.65337349864076,False,12.490273647311142,11.150642863909232,4,68,64,535.8957966668918,527.5780305001724,8.509323072583426,27.296360879577293,4733786.258117707,0.4016388252361224,0.5113619163012788
UGC10310,9,71.4,2.136004763138074,4.359828289248478,0.46800799113785146,0.09360159822757029,71054724.11144112,4.359828289248478,0.46800799113785146,0.09360159822757029,0,4.359828289248478,0.46800799113785146,0.09360159822757029,2964779549.799852,9.745509243383449,0.015958498106883098,0.007979249053441549,2.593339066313962,1.0098607737510055,1916685170.994541,6391195490.744374,15.573244827572745,0.00596363513023919,0.00596363513023919,2.6032179091473027,9.483473440563662,0.99790570474499,1.6950084324259476,True,10.984439131977055,8.93976877545335,0,7,7,6.735160482556271,2.843340184445644,0.5686680368891288,7.310377142029607,7125928.873425573,1.0,0.16459795901245539
UGC11455,6,269.4,13.367139427378138,63.90186827939775,56.908853156464794,1.8357694566601546,20793124.78957508,59.647842246615646,31.675781754883804,1.267031270195352,2,63.90186827939775,56.908853156464794,1.8357694566601546,7205695640.481422,63.390194296245355,45.90765648891295,1.6395591603183195,3.7023089057960923,0.47885524185768297,10354730690.117582,23208439158.459488,59.647842246615646,31.675781754883804,1.267031270195352,3.7458717505620833,9.661403021910841,0.5963024173537581,0.9351438088511188,False,12.714537270809435,11.27221535695892,3,36,33,59.25988136070372,52.26686623777076,1.6860279431538956,71.50706852440885,1107871.559633257,0.5566055191411895,0.6060394287039392
UGC11914,2,288.1,1.3891576830597625,507.65395347690867,499.3676840241256,8.186355475805337,1541227469.8658829,37.654895219705494,4.509817408573237,0.08199668015587705,2,507.65395347690867,499.3676840241256,8.186355475805337,12194025334.233849,53.64451447554373,32.928840843586066,0.5677386352342425,1.1481952731894705,0.45927810927578816,8277879469.692395,49999999999.999985,37.654895219705494,4.509817408573237,0.08199668015587705,0.9789554863952326,8.239981728139021,0.391582194558093,1.0025809203131788,False,12.801974271489774,10.875142324129556,2,65,63,310.5552067137267,302.26893726094363,4.955228479687601,3.7673153655916294,209207112.50706512,0.009031055778842424,0.014919883761261214
UGC12506,6,234.0,5.468180200017451,27.872198371831978,21.004223962861687,0.7242835849262651,135150576.0153283,20.5885661080495,3.418630085623769,0.1314857725239911,1,27.872198371831978,21.004223962861687,0.7242835849262651,20136130651.446075,20.5885661080495,3.418630085623769,0.1314857725239911,2.1836120303342215,0.8734448121336885,9904101107.528656,10010018576.157122,29.94342820403658,2.471530568155407,0.10745785078936552,1.20608533215951,2.7856071742396304,0.45460842070878027,0.0816358642279478,True,12.530992068878962,10.843765194483272,0,31,31,11.727267827246552,4.859293418276259,0.16756184200952617,10.292026775604878,36144693.375002995,0.1627591712823273,0.7035241117085006
UGC12632,9,71.7,2.8508320535667573,6.270515158446191,0.8544147562417708,0.06572421201859775,42024086.910916165,6.270515158446191,0.8544147562417708,0.06572421201859775,0,6.270515158446191,0.8544147562417708,0.06572421201859775,1014049676.0550603,14.00942134393634,0.46917033842528966,0.04691703384252897,2.453911668725585,0.9815646674902339,227728227.27635664,3102880006.6675396,21.923329506870957,0.25892789805327754,0.03698969972189679,2.2241569680213766,11.999999999999904,0.09945336081209206,4.799999999999962,True,10.989901963651937,8.813247300897604,0,15,15,9.844016329363182,4.427915927158761,0.3406089174737508,8.516379551364235,5261826.509822084,1.0,0.19296092570348752
UGCA442,9,56.4,2.8423077746000938,7.839696489603119,3.6808134062434474,0.6134689010405746,32126557.52234792,7.839696489603119,3.6808134062434474,0.6134689010405746,0,7.839696489603119,3.6808134062434474,0.6134689010405746,1776502949.1960623,10.513716409315288,0.11650870091610908,0.038836233638703026,3.838865393730791,1.350374531986269,2082618432.0556152,439160089.1500433,16.684742609183516,0.04921027574483016,0.04921027574483016,3.5936641515433867,5.429411590283964,1.2239039179390596,0.1056723871333035,True,10.67718180859856,7.845098040014257,0,8,8,15.875510428391074,11.716627345031402,1.9527712241719002,24.989438050507413,939459.3711389096,1.0,0.31415298087502525
